日付,場,R,枠,登録番号,選手名,着順,進入,実ST,決まり手,3連単,3連単払戻,2連単,2連単払戻,確定
20260925,多摩川,1,1,3072,西田靖,5,1,0.13,,​4-6-5,4420,​4-6,930,確定
20260925,多摩川,1,2,5079,大石真央,4,2,0.22,,​4-6-5,4420,​4-6,930,確定
20260925,多摩川,1,3,4113,木村浩士,6,3,0.19,,​4-6-5,4420,​4-6,930,確定
20260925,多摩川,1,4,3349,吉田一郎,1,4,0.08,まくり,​4-6-5,4420,​4-6,930,確定
20260925,多摩川,1,5,3860,松本浩貴,3,5,0.13,,​4-6-5,4420,​4-6,930,確定
20260925,多摩川,1,6,4513,河野真也,2,6,0.11,,​4-6-5,4420,​4-6,930,確定
20260925,多摩川,2,1,3075,中村裕将,1,1,0.21,逃げ,​1-6-4,11360,​1-6,1550,確定
20260925,多摩川,2,2,4251,川崎誠志,4,2,0.26,,​1-6-4,11360,​1-6,1550,確定
20260925,多摩川,2,3,4379,桑島和宏,5,3,0.21,,​1-6-4,11360,​1-6,1550,確定
20260925,多摩川,2,4,4332,村上彰一,3,4,0.28,,​1-6-4,11360,​1-6,1550,確定
20260925,多摩川,2,5,4383,竹田吉行,6,5,0.26,,​1-6-4,11360,​1-6,1550,確定
20260925,多摩川,2,6,4061,萩原秀人,2,6,0.22,,​1-6-4,11360,​1-6,1550,確定
20260925,多摩川,3,1,4003,表憲一,5,1,0.15,,​2-5-3,19340,​2-5,2370,確定
20260925,多摩川,3,2,4144,石塚久也,1,2,0.11,まくり,​2-5-3,19340,​2-5,2370,確定
20260925,多摩川,3,3,5292,佐藤右京,3,3,0.09,,​2-5-3,19340,​2-5,2370,確定
20260925,多摩川,3,4,4737,竹井貴史,4,4,0.14,,​2-5-3,19340,​2-5,2370,確定
20260925,多摩川,3,5,4015,前野竜一,2,5,0.15,,​2-5-3,19340,​2-5,2370,確定
20260925,多摩川,3,6,5313,鈴木唯央,6,6,0.17,,​2-5-3,19340,​2-5,2370,確定
20260925,多摩川,4,1,4190,長嶋万記,1,1,0.18,抜き,​1-4-6,1650,​1-4,340,確定
20260925,多摩川,4,2,3302,谷川里江,6,2,0.17,,​1-4-6,1650,​1-4,340,確定
20260925,多摩川,4,3,4224,大橋栄里佳,4,3,0.19,,​1-4-6,1650,​1-4,340,確定
20260925,多摩川,4,4,4225,土屋千明,2,4,0.19,,​1-4-6,1650,​1-4,340,確定
20260925,多摩川,4,5,3518,倉田郁美,5,5,0.11,,​1-4-6,1650,​1-4,340,確定
20260925,多摩川,4,6,4447,深川麻奈美,3,6,0.11,,​1-4-6,1650,​1-4,340,確定
20260925,多摩川,5,1,3662,大庭元明,2,1,0.19,,​3-1-5,1590,​3-1,510,確定
20260925,多摩川,5,2,5023,久永祥平,4,2,0.26,,​3-1-5,1590,​3-1,510,確定
20260925,多摩川,5,3,4025,山本隆幸,1,3,0.22,抜き,​3-1-5,1590,​3-1,510,確定
20260925,多摩川,5,4,3653,品川賢次,5,4,0.19,,​3-1-5,1590,​3-1,510,確定
20260925,多摩川,5,5,3885,久田武,3,5,0.23,,​3-1-5,1590,​3-1,510,確定
20260925,多摩川,5,6,5327,西田和加,6,6,0.23,,​3-1-5,1590,​3-1,510,確定
20260925,多摩川,6,1,3860,松本浩貴,1,1,0.17,逃げ,​1-5-6,25600,​1-5,3120,確定
20260925,多摩川,6,2,3202,三品隆浩,5,2,0.21,,​1-5-6,25600,​1-5,3120,確定
20260925,多摩川,6,3,4931,木谷賢太,6,3,0.12,,​1-5-6,25600,​1-5,3120,確定
20260925,多摩川,6,4,4446,和田兼輔,4,4,0.14,,​1-5-6,25600,​1-5,3120,確定
20260925,多摩川,6,5,5049,松井友汰,2,5,0.11,,​1-5-6,25600,​1-5,3120,確定
20260925,多摩川,6,6,4864,小川日紀太,3,6,0.14,,​1-5-6,25600,​1-5,3120,確定
20260925,多摩川,7,1,3385,渡邉睦広,1,1,0.11,逃げ,​1-4-3,1290,​1-4,550,確定
20260925,多摩川,7,2,4113,木村浩士,4,2,0.15,,​1-4-3,1290,​1-4,550,確定
20260925,多摩川,7,3,5199,垂水悠,3,3,0.11,,​1-4-3,1290,​1-4,550,確定
20260925,多摩川,7,4,4932,新開航,2,4,0.11,,​1-4-3,1290,​1-4,550,確定
20260925,多摩川,7,5,3075,中村裕将,6,5,0.08,,​1-4-3,1290,​1-4,550,確定
20260925,多摩川,7,6,5376,吉田一心,5,6,0.12,,​1-4-3,1290,​1-4,550,確定
20260925,多摩川,8,1,4435,服部達哉,1,1,0.17,逃げ,​1-2-5,1550,​1-2,830,確定
20260925,多摩川,8,2,3072,西田靖,2,2,0.17,,​1-2-5,1550,​1-2,830,確定
20260925,多摩川,8,3,4383,竹田吉行,5,3,0.18,,​1-2-5,1550,​1-2,830,確定
20260925,多摩川,8,4,4003,表憲一,4,4,0.09,,​1-2-5,1550,​1-2,830,確定
20260925,多摩川,8,5,4447,深川麻奈美,3,5,0.06,,​1-2-5,1550,​1-2,830,確定
20260925,多摩川,8,6,5411,木下虎之輔,6,6,0.05,,​1-2-5,1550,​1-2,830,確定
20260925,多摩川,9,1,5023,久永祥平,4,1,0.21,,​3-6-4,5320,​3-6,2170,確定
20260925,多摩川,9,2,4332,村上彰一,6,2,0.21,,​3-6-4,5320,​3-6,2170,確定
20260925,多摩川,9,3,3349,吉田一郎,1,3,0.12,まくり,​3-6-4,5320,​3-6,2170,確定
20260925,多摩川,9,4,4190,長嶋万記,3,4,0.18,,​3-6-4,5320,​3-6,2170,確定
20260925,多摩川,9,5,3589,西村勝,5,5,0.15,,​3-6-4,5320,​3-6,2170,確定
20260925,多摩川,9,6,4015,前野竜一,2,6,0.21,,​3-6-4,5320,​3-6,2170,確定
20260925,多摩川,10,1,4379,桑島和宏,2,1,0.11,,​5-1-2,3880,​5-1,1130,確定
20260925,多摩川,10,2,4709,岡村将也,3,2,0.17,,​5-1-2,3880,​5-1,1130,確定
20260925,多摩川,10,3,5048,眞鳥康太,4,3,0.13,,​5-1-2,3880,​5-1,1130,確定
20260925,多摩川,10,4,4348,宮崎奨,5,4,0.14,,​5-1-2,3880,​5-1,1130,確定
20260925,多摩川,10,5,4144,石塚久也,1,5,0.13,まくり差し,​5-1-2,3880,​5-1,1130,確定
20260925,多摩川,10,6,5079,大石真央,6,6,0.15,,​5-1-2,3880,​5-1,1130,確定
20260925,多摩川,11,1,4931,木谷賢太,1,1,0.17,逃げ,​1-2-4,2500,​1-2,400,確定
20260925,多摩川,11,2,3885,久田武,2,2,0.21,,​1-2-4,2500,​1-2,400,確定
20260925,多摩川,11,3,4513,河野真也,4,3,0.24,,​1-2-4,2500,​1-2,400,確定
20260925,多摩川,11,4,5292,佐藤右京,3,4,0.21,,​1-2-4,2500,​1-2,400,確定
20260925,多摩川,11,5,4225,土屋千明,5,5,0.19,,​1-2-4,2500,​1-2,400,確定
20260925,多摩川,11,6,4251,川崎誠志,6,6,0.2,,​1-2-4,2500,​1-2,400,確定
20260925,多摩川,12,1,4932,新開航,1,1,0.19,逃げ,​1-5-6,4060,​1-5,1290,確定
20260925,多摩川,12,2,4025,山本隆幸,4,2,0.18,,​1-5-6,4060,​1-5,1290,確定
20260925,多摩川,12,3,4061,萩原秀人,6,3,0.13,,​1-5-6,4060,​1-5,1290,確定
20260925,多摩川,12,4,4288,永田啓二,5,4,0.08,,​1-5-6,4060,​1-5,1290,確定
20260925,多摩川,12,5,4446,和田兼輔,2,5,0.11,,​1-5-6,4060,​1-5,1290,確定
20260925,多摩川,12,6,4737,竹井貴史,3,6,0.11,,​1-5-6,4060,​1-5,1290,確定
20260926,多摩川,1,1,3202,三品隆浩,2,1,0.19,,​5-1-3,3260,​5-1,1370,確定
20260926,多摩川,1,2,3653,品川賢次,5,2,0.21,,​5-1-3,3260,​5-1,1370,確定
20260926,多摩川,1,3,3589,西村勝,3,3,0.11,,​5-1-3,3260,​5-1,1370,確定
20260926,多摩川,1,4,5411,木下虎之輔,6,4,0.09,,​5-1-3,3260,​5-1,1370,確定
20260926,多摩川,1,5,4709,岡村将也,1,5,0.12,まくり差し,​5-1-3,3260,​5-1,1370,確定
20260926,多摩川,1,6,3302,谷川里江,4,6,0.18,,​5-1-3,3260,​5-1,1370,確定
20260926,多摩川,2,1,5199,垂水悠,2,1,0.09,,​2-1-6,1360,​2-1,370,確定
20260926,多摩川,2,2,4288,永田啓二,1,2,0.13,差し,​2-1-6,1360,​2-1,370,確定
20260926,多摩川,2,3,5313,鈴木唯央,5,3,0.14,,​2-1-6,1360,​2-1,370,確定
20260926,多摩川,2,4,4379,桑島和宏,4,4,0.17,,​2-1-6,1360,​2-1,370,確定
20260926,多摩川,2,5,5327,西田和加,6,5,0.26,,​2-1-6,1360,​2-1,370,確定
20260926,多摩川,2,6,4190,長嶋万記,3,6,0.25,,​2-1-6,1360,​2-1,370,確定
20260926,多摩川,3,1,4332,村上彰一,6,1,0.35,,​2-4-3,1840,​2-4,780,確定
20260926,多摩川,3,2,4737,竹井貴史,1,2,0.25,まくり,​2-4-3,1840,​2-4,780,確定
20260926,多摩川,3,3,5049,松井友汰,3,3,0.17,,​2-4-3,1840,​2-4,780,確定
20260926,多摩川,3,4,4435,服部達哉,2,4,0.17,,​2-4-3,1840,​2-4,780,確定
20260926,多摩川,3,5,5376,吉田一心,4,5,0.13,,​2-4-3,1840,​2-4,780,確定
20260926,多摩川,3,6,5048,眞鳥康太,5,6,0.29,,​2-4-3,1840,​2-4,780,確定
20260926,多摩川,4,1,3518,倉田郁美,6,1,0.21,,​3-2-4,1570,​3-2,540,確定
20260926,多摩川,4,2,3349,吉田一郎,2,2,0.15,,​3-2-4,1570,​3-2,540,確定
20260926,多摩川,4,3,4144,石塚久也,1,3,0.17,まくり,​3-2-4,1570,​3-2,540,確定
20260926,多摩川,4,4,3662,大庭元明,3,4,0.15,,​3-2-4,1570,​3-2,540,確定
20260926,多摩川,4,5,4864,小川日紀太,4,5,0.18,,​3-2-4,1570,​3-2,540,確定
20260926,多摩川,4,6,4025,山本隆幸,5,6,0.19,,​3-2-4,1570,​3-2,540,確定
20260926,多摩川,5,1,4447,深川麻奈美,1,1,0.13,逃げ,​1-4-5,4890,​1-4,910,確定
20260926,多摩川,5,2,4446,和田兼輔,4,2,0.12,,​1-4-5,4890,​1-4,910,確定
20260926,多摩川,5,3,4348,宮崎奨,5,3,0.11,,​1-4-5,4890,​1-4,910,確定
20260926,多摩川,5,4,4015,前野竜一,2,4,0.09,,​1-4-5,4890,​1-4,910,確定
20260926,多摩川,5,5,5292,佐藤右京,3,5,0.11,,​1-4-5,4890,​1-4,910,確定
20260926,多摩川,5,6,4113,木村浩士,6,6,0.11,,​1-4-5,4890,​1-4,910,確定
20260926,多摩川,6,1,4224,大橋栄里佳,1,1,0.24,逃げ,​1-6-3,7900,​1-6,1930,確定
20260926,多摩川,6,2,5313,鈴木唯央,6,2,0.24,,​1-6-3,7900,​1-6,1930,確定
20260926,多摩川,6,3,5079,大石真央,3,3,0.19,,​1-6-3,7900,​1-6,1930,確定
20260926,多摩川,6,4,5023,久永祥平,5,4,0.18,,​1-6-3,7900,​1-6,1930,確定
20260926,多摩川,6,5,3202,三品隆浩,4,5,0.15,,​1-6-3,7900,​1-6,1930,確定
20260926,多摩川,6,6,4383,竹田吉行,2,6,0.09,,​1-6-3,7900,​1-6,1930,確定
20260926,多摩川,7,1,4513,河野真也,1,1,0.15,逃げ,​1-6-4,2810,​1-6,760,確定
20260926,多摩川,7,2,5327,西田和加,4,2,0.17,,​1-6-4,2810,​1-6,760,確定
20260926,多摩川,7,3,3385,渡邉睦広,5,3,0.2,,​1-6-4,2810,​1-6,760,確定
20260926,多摩川,7,4,3302,谷川里江,3,4,0.18,,​1-6-4,2810,​1-6,760,確定
20260926,多摩川,7,5,5048,眞鳥康太,6,6,0.17,,​1-6-4,2810,​1-6,760,確定
20260926,多摩川,7,6,4003,表憲一,2,5,0.13,,​1-6-4,2810,​1-6,760,確定
20260926,多摩川,8,1,3885,久田武,2,1,0.14,,​4-1-6,2680,​4-1,1060,確定
20260926,多摩川,8,2,3518,倉田郁美,4,2,0.12,,​4-1-6,2680,​4-1,1060,確定
20260926,多摩川,8,3,5376,吉田一心,6,3,0.13,,​4-1-6,2680,​4-1,1060,確定
20260926,多摩川,8,4,4931,木谷賢太,1,4,0.21,差し,​4-1-6,2680,​4-1,1060,確定
20260926,多摩川,8,5,5411,木下虎之輔,5,5,0.13,,​4-1-6,2680,​4-1,1060,確定
20260926,多摩川,8,6,4288,永田啓二,3,6,0.16,,​4-1-6,2680,​4-1,1060,確定
20260926,多摩川,9,1,4225,土屋千明,1,1,0.05,逃げ,​1-3-4,14020,​1-3,1620,確定
20260926,多摩川,9,2,4348,宮崎奨,6,3,0.09,,​1-3-4,14020,​1-3,1620,確定
20260926,多摩川,9,3,4864,小川日紀太,2,4,0.11,,​1-3-4,14020,​1-3,1620,確定
20260926,多摩川,9,4,3589,西村勝,3,5,0.11,,​1-3-4,14020,​1-3,1620,確定
20260926,多摩川,9,5,3072,西田靖,5,2,0.09,,​1-3-4,14020,​1-3,1620,確定
20260926,多摩川,9,6,4932,新開航,4,6,0.13,,​1-3-4,14020,​1-3,1620,確定
20260926,多摩川,10,1,3349,吉田一郎,1,1,0.17,逃げ,​1-3-5,1760,​1-3,990,確定
20260926,多摩川,10,2,5199,垂水悠,4,2,0.15,,​1-3-5,1760,​1-3,990,確定
20260926,多摩川,10,3,4251,川崎誠志,2,3,0.17,,​1-3-5,1760,​1-3,990,確定
20260926,多摩川,10,4,3860,松本浩貴,5,4,0.17,,​1-3-5,1760,​1-3,990,確定
20260926,多摩川,10,5,4737,竹井貴史,3,5,0.15,,​1-3-5,1760,​1-3,990,確定
20260926,多摩川,10,6,4709,岡村将也,6,6,0.15,,​1-3-5,1760,​1-3,990,確定
20260926,多摩川,11,1,4446,和田兼輔,1,1,0.17,逃げ,​1-6-3,3120,​1-6,400,確定
20260926,多摩川,11,2,4435,服部達哉,4,2,0.17,,​1-6-3,3120,​1-6,400,確定
20260926,多摩川,11,3,3653,品川賢次,3,3,0.21,,​1-6-3,3120,​1-6,400,確定
20260926,多摩川,11,4,3075,中村裕将,5,4,0.16,,​1-6-3,3120,​1-6,400,確定
20260926,多摩川,11,5,4224,大橋栄里佳,6,5,0.21,,​1-6-3,3120,​1-6,400,確定
20260926,多摩川,11,6,4144,石塚久也,2,6,0.13,,​1-6-3,3120,​1-6,400,確定
20260926,多摩川,12,1,4061,萩原秀人,2,1,0.13,,​2-1-6,12220,​2-1,3120,確定
20260926,多摩川,12,2,4190,長嶋万記,1,2,0.21,差し,​2-1-6,12220,​2-1,3120,確定
20260926,多摩川,12,3,4015,前野竜一,4,3,0.23,,​2-1-6,12220,​2-1,3120,確定
20260926,多摩川,12,5,3662,大庭元明,5,5,0.15,,​2-1-6,12220,​2-1,3120,確定
20260926,多摩川,12,6,5049,松井友汰,3,6,0.21,,​2-1-6,12220,​2-1,3120,確定
20260927,多摩川,1,1,5292,佐藤右京,5,1,0.26,,​4-3-5,4490,​4-3,1060,確定
20260927,多摩川,1,2,4864,小川日紀太,4,2,0.19,,​4-3-5,4490,​4-3,1060,確定
20260927,多摩川,1,3,4003,表憲一,2,3,0.22,,​4-3-5,4490,​4-3,1060,確定
20260927,多摩川,1,4,4513,河野真也,1,4,0.19,まくり,​4-3-5,4490,​4-3,1060,確定
20260927,多摩川,1,5,4251,川崎誠志,3,5,0.23,,​4-3-5,4490,​4-3,1060,確定
20260927,多摩川,1,6,4379,桑島和宏,6,6,0.22,,​4-3-5,4490,​4-3,1060,確定
20260927,多摩川,2,1,4113,木村浩士,3,1,0.1,,​2-3-1,1900,​2-3,430,確定
20260927,多摩川,2,2,4932,新開航,1,3,0.08,まくり差し,​2-3-1,1900,​2-3,430,確定
20260927,多摩川,2,3,4447,深川麻奈美,2,4,0.09,,​2-3-1,1900,​2-3,430,確定
20260927,多摩川,2,4,3072,西田靖,5,2,0.07,,​2-3-1,1900,​2-3,430,確定
20260927,多摩川,2,5,5313,鈴木唯央,6,5,0.15,,​2-3-1,1900,​2-3,430,確定
20260927,多摩川,2,6,4931,木谷賢太,4,6,0.14,,​2-3-1,1900,​2-3,430,確定
20260927,多摩川,3,1,3653,品川賢次,3,1,0.19,,​2-3-1,9920,​2-3,3940,確定
20260927,多摩川,3,2,3860,松本浩貴,1,2,0.14,差し,​2-3-1,9920,​2-3,3940,確定
20260927,多摩川,3,3,4225,土屋千明,2,3,0.12,,​2-3-1,9920,​2-3,3940,確定
20260927,多摩川,3,4,4061,萩原秀人,4,4,0.12,,​2-3-1,9920,​2-3,3940,確定
20260927,多摩川,3,5,3302,谷川里江,5,5,0.16,,​2-3-1,9920,​2-3,3940,確定
20260927,多摩川,3,6,3385,渡邉睦広,6,6,0.13,,​2-3-1,9920,​2-3,3940,確定
20260927,多摩川,4,1,5327,西田和加,4,1,0.14,,​5-2-3,4460,​5-2,1860,確定
20260927,多摩川,4,2,4224,大橋栄里佳,2,2,0.15,,​5-2-3,4460,​5-2,1860,確定
20260927,多摩川,4,3,4435,服部達哉,3,3,0.11,,​5-2-3,4460,​5-2,1860,確定
20260927,多摩川,4,4,5049,松井友汰,6,4,0.14,,​5-2-3,4460,​5-2,1860,確定
20260927,多摩川,4,5,4288,永田啓二,1,5,0.11,まくり差し,​5-2-3,4460,​5-2,1860,確定
20260927,多摩川,4,6,3518,倉田郁美,5,6,0.14,,​5-2-3,4460,​5-2,1860,確定
20260927,多摩川,5,1,4864,小川日紀太,5,1,0.28,,​3-5-4,2980,​3-5,860,確定
20260927,多摩川,5,2,5048,眞鳥康太,6,2,0.36,,​3-5-4,2980,​3-5,860,確定
20260927,多摩川,5,3,4737,竹井貴史,1,3,0.21,まくり,​3-5-4,2980,​3-5,860,確定
20260927,多摩川,5,4,3202,三品隆浩,3,4,0.23,,​3-5-4,2980,​3-5,860,確定
20260927,多摩川,5,5,4190,長嶋万記,2,5,0.18,,​3-5-4,2980,​3-5,860,確定
20260927,多摩川,5,6,3349,吉田一郎,4,6,0.19,,​3-5-4,2980,​3-5,860,確定
20260927,多摩川,6,1,5376,吉田一心,1,1,0.15,逃げ,​1-5-4,3140,​1-5,570,確定
20260927,多摩川,6,2,4003,表憲一,4,2,0.22,,​1-5-4,3140,​1-5,570,確定
20260927,多摩川,6,3,5023,久永祥平,5,3,0.21,,​1-5-4,3140,​1-5,570,確定
20260927,多摩川,6,4,5079,大石真央,3,4,0.19,,​1-5-4,3140,​1-5,570,確定
20260927,多摩川,6,5,4025,山本隆幸,2,5,0.26,,​1-5-4,3140,​1-5,570,確定
20260927,多摩川,6,6,4332,村上彰一,6,6,0.33,,​1-5-4,3140,​1-5,570,確定
20260927,多摩川,7,1,4015,前野竜一,1,1,0.15,逃げ,​1-5-3,11470,​1-5,4480,確定
20260927,多摩川,7,2,3075,中村裕将,6,2,0.21,,​1-5-3,11470,​1-5,4480,確定
20260927,多摩川,7,3,4446,和田兼輔,3,3,0.16,,​1-5-3,11470,​1-5,4480,確定
20260927,多摩川,7,4,5313,鈴木唯央,5,4,0.15,,​1-5-3,11470,​1-5,4480,確定
20260927,多摩川,7,5,5411,木下虎之輔,2,5,0.11,,​1-5-3,11470,​1-5,4480,確定
20260927,多摩川,7,6,3885,久田武,4,6,0.07,,​1-5-3,11470,​1-5,4480,確定
20260927,多摩川,8,1,4383,竹田吉行,1,1,0.03,逃げ,​1-4-3,3940,​1-4,740,確定
20260927,多摩川,8,2,5292,佐藤右京,6,2,0.04,,​1-4-3,3940,​1-4,740,確定
20260927,多摩川,8,3,3662,大庭元明,3,3,0.09,,​1-4-3,3940,​1-4,740,確定
20260927,多摩川,8,4,4144,石塚久也,2,4,0.21,,​1-4-3,3940,​1-4,740,確定
20260927,多摩川,8,5,4932,新開航,4,5,0.21,,​1-4-3,3940,​1-4,740,確定
20260927,多摩川,8,6,3589,西村勝,5,6,0.32,,​1-4-3,3940,​1-4,740,確定
20260927,多摩川,9,1,5049,松井友汰,1,1,0.06,逃げ,​1-5-4,7970,​1-5,660,確定
20260927,多摩川,9,2,4061,萩原秀人,4,2,0.08,,​1-5-4,7970,​1-5,660,確定
20260927,多摩川,9,3,4709,岡村将也,6,3,0.08,,​1-5-4,7970,​1-5,660,確定
20260927,多摩川,9,4,4113,木村浩士,3,4,0.11,,​1-5-4,7970,​1-5,660,確定
20260927,多摩川,9,5,5199,垂水悠,2,5,0.07,,​1-5-4,7970,​1-5,660,確定
20260927,多摩川,9,6,3202,三品隆浩,5,6,0.19,,​1-5-4,7970,​1-5,660,確定
20260927,多摩川,10,1,4025,山本隆幸,1,1,0.14,逃げ,​1-5-6,3010,​1-5,510,確定
20260927,多摩川,10,2,4379,桑島和宏,4,2,0.16,,​1-5-6,3010,​1-5,510,確定
20260927,多摩川,10,3,4190,長嶋万記,5,3,0.09,,​1-5-6,3010,​1-5,510,確定
20260927,多摩川,10,4,4224,大橋栄里佳,6,4,0.11,,​1-5-6,3010,​1-5,510,確定
20260927,多摩川,10,5,4931,木谷賢太,2,5,0.05,,​1-5-6,3010,​1-5,510,確定
20260927,多摩川,10,6,4225,土屋千明,3,6,0.04,,​1-5-6,3010,​1-5,510,確定
20260927,多摩川,11,1,4288,永田啓二,1,2,0.16,差し,​1-6-2,2480,​1-6,1060,確定
20260927,多摩川,11,2,4015,前野竜一,3,3,0.14,,​1-6-2,2480,​1-6,1060,確定
20260927,多摩川,11,3,3860,松本浩貴,4,4,0.18,,​1-6-2,2480,​1-6,1060,確定
20260927,多摩川,11,4,5376,吉田一心,6,5,0.07,,​1-6-2,2480,​1-6,1060,確定
20260927,多摩川,11,5,4513,河野真也,5,6,0.11,,​1-6-2,2480,​1-6,1060,確定
20260927,多摩川,11,6,3072,西田靖,2,1,0.15,,​1-6-2,2480,​1-6,1060,確定
20260927,多摩川,12,1,4737,竹井貴史,1,1,0.24,逃げ,​1-2-6,1220,​1-2,280,確定
20260927,多摩川,12,2,4447,深川麻奈美,2,2,0.22,,​1-2-6,1220,​1-2,280,確定
20260927,多摩川,12,3,3885,久田武,6,3,0.15,,​1-2-6,1220,​1-2,280,確定
20260927,多摩川,12,4,4383,竹田吉行,4,4,0.24,,​1-2-6,1220,​1-2,280,確定
20260927,多摩川,12,5,5023,久永祥平,5,5,0.15,,​1-2-6,1220,​1-2,280,確定
20260927,多摩川,12,6,4435,服部達哉,3,6,0.17,,​1-2-6,1220,​1-2,280,確定
20260928,多摩川,1,1,5048,眞鳥康太,1,1,0.09,逃げ,​1-3-2,1530,​1-3,620,確定
20260928,多摩川,1,2,3662,大庭元明,3,2,0.11,,​1-3-2,1530,​1-3,620,確定
20260928,多摩川,1,3,4025,山本隆幸,2,3,0.11,,​1-3-2,1530,​1-3,620,確定
20260928,多摩川,1,4,4709,岡村将也,5,4,0.11,,​1-3-2,1530,​1-3,620,確定
20260928,多摩川,1,5,5079,大石真央,4,5,0.11,,​1-3-2,1530,​1-3,620,確定
20260928,多摩川,1,6,3653,品川賢次,6,6,0.12,,​1-3-2,1530,​1-3,620,確定
20260928,多摩川,2,1,5313,鈴木唯央,6,1,0.28,,​4-2-5,1760,​4-2,790,確定
20260928,多摩川,2,2,4513,河野真也,2,2,0.18,,​4-2-5,1760,​4-2,790,確定
20260928,多摩川,2,3,5023,久永祥平,4,3,0.25,,​4-2-5,1760,​4-2,790,確定
20260928,多摩川,2,4,5199,垂水悠,1,4,0.08,まくり差し,​4-2-5,1760,​4-2,790,確定
20260928,多摩川,2,5,5411,木下虎之輔,3,5,0.12,,​4-2-5,1760,​4-2,790,確定
20260928,多摩川,2,6,3518,倉田郁美,5,6,0.24,,​4-2-5,1760,​4-2,790,確定
20260928,多摩川,3,1,3302,谷川里江,3,1,0.16,,​3-5-1,8710,​3-5,1560,確定
20260928,多摩川,3,2,4383,竹田吉行,4,2,0.18,,​3-5-1,8710,​3-5,1560,確定
20260928,多摩川,3,3,3349,吉田一郎,1,3,0.08,まくり,​3-5-1,8710,​3-5,1560,確定
20260928,多摩川,3,4,3885,久田武,6,4,0.12,,​3-5-1,8710,​3-5,1560,確定
20260928,多摩川,3,5,4113,木村浩士,2,5,0.17,,​3-5-1,8710,​3-5,1560,確定
20260928,多摩川,3,6,3075,中村裕将,5,6,0.08,,​3-5-1,8710,​3-5,1560,確定
20260928,多摩川,4,1,4251,川崎誠志,3,1,0.22,,​3-4-1,2320,​3-4,630,確定
20260928,多摩川,4,2,4931,木谷賢太,6,2,0.18,,​3-4-1,2320,​3-4,630,確定
20260928,多摩川,4,3,4288,永田啓二,1,3,0.12,まくり,​3-4-1,2320,​3-4,630,確定
20260928,多摩川,4,4,4447,深川麻奈美,2,4,0.17,,​3-4-1,2320,​3-4,630,確定
20260928,多摩川,4,5,3385,渡邉睦広,4,5,0.17,,​3-4-1,2320,​3-4,630,確定
20260928,多摩川,4,6,5327,西田和加,5,6,0.19,,​3-4-1,2320,​3-4,630,確定
20260928,多摩川,5,1,3589,西村勝,2,1,0.11,,​3-1-5,12620,​3-1,2590,確定
20260928,多摩川,5,2,4190,長嶋万記,5,2,0.13,,​3-1-5,12620,​3-1,2590,確定
20260928,多摩川,5,3,4332,村上彰一,1,3,0.05,まくり差し,​3-1-5,12620,​3-1,2590,確定
20260928,多摩川,5,4,5048,眞鳥康太,4,4,0.09,,​3-1-5,12620,​3-1,2590,確定
20260928,多摩川,5,5,4061,萩原秀人,3,5,0.08,,​3-1-5,12620,​3-1,2590,確定
20260928,多摩川,5,6,5292,佐藤右京,6,6,0.19,,​3-1-5,12620,​3-1,2590,確定
20260928,多摩川,6,1,5079,大石真央,4,1,0.09,,​2-4-3,1650,​2-4,840,確定
20260928,多摩川,6,2,5049,松井友汰,1,2,0.11,差し,​2-4-3,1650,​2-4,840,確定
20260928,多摩川,6,3,4932,新開航,3,3,0.12,,​2-4-3,1650,​2-4,840,確定
20260928,多摩川,6,4,4144,石塚久也,2,4,0.14,,​2-4-3,1650,​2-4,840,確定
20260928,多摩川,6,5,3518,倉田郁美,6,5,0.14,,​2-4-3,1650,​2-4,840,確定
20260928,多摩川,6,6,3860,松本浩貴,5,6,0.14,,​2-4-3,1650,​2-4,840,確定
20260928,多摩川,7,1,4379,桑島和宏,1,1,0.11,逃げ,​1-2-3,670,​1-2,250,確定
20260928,多摩川,7,2,4446,和田兼輔,2,2,0.14,,​1-2-3,670,​1-2,250,確定
20260928,多摩川,7,3,3302,谷川里江,3,3,0.23,,​1-2-3,670,​1-2,250,確定
20260928,多摩川,7,4,4864,小川日紀太,5,4,0.11,,​1-2-3,670,​1-2,250,確定
20260928,多摩川,7,5,3653,品川賢次,4,5,0.13,,​1-2-3,670,​1-2,250,確定
20260928,多摩川,7,6,5023,久永祥平,6,6,0.14,,​1-2-3,670,​1-2,250,確定
20260928,多摩川,8,1,4709,岡村将也,1,1,0.08,抜き,​1-2-6,1650,​1-2,420,確定
20260928,多摩川,8,2,5376,吉田一心,2,3,0.06,,​1-2-6,1650,​1-2,420,確定
20260928,多摩川,8,3,3072,西田靖,4,2,0.14,,​1-2-6,1650,​1-2,420,確定
20260928,多摩川,8,4,4225,土屋千明,5,4,0.06,,​1-2-6,1650,​1-2,420,確定
20260928,多摩川,8,5,5327,西田和加,6,6,0.09,,​1-2-6,1650,​1-2,420,確定
20260928,多摩川,8,6,5199,垂水悠,3,5,0.06,,​1-2-6,1650,​1-2,420,確定
20260928,多摩川,9,1,4737,竹井貴史,1,1,0.22,逃げ,​1-4-2,470,​1-4,300,確定
20260928,多摩川,9,2,3385,渡邉睦広,3,2,0.19,,​1-4-2,470,​1-4,300,確定
20260928,多摩川,9,3,3075,中村裕将,4,3,0.13,,​1-4-2,470,​1-4,300,確定
20260928,多摩川,9,4,4025,山本隆幸,2,4,0.19,,​1-4-2,470,​1-4,300,確定
20260928,多摩川,9,5,4332,村上彰一,5,5,0.24,,​1-4-2,470,​1-4,300,確定
20260928,多摩川,9,6,5411,木下虎之輔,6,6,0.12,,​1-4-2,470,​1-4,300,確定
20260928,多摩川,10,1,4144,石塚久也,1,1,0.15,逃げ,​1-4-3,840,​1-4,410,確定
20260928,多摩川,10,2,3589,西村勝,5,2,0.18,,​1-4-3,840,​1-4,410,確定
20260928,多摩川,10,3,4931,木谷賢太,3,3,0.11,,​1-4-3,840,​1-4,410,確定
20260928,多摩川,10,4,4513,河野真也,2,4,0.11,,​1-4-3,840,​1-4,410,確定
20260928,多摩川,10,5,3349,吉田一郎,4,5,0.18,,​1-4-3,840,​1-4,410,確定
20260928,多摩川,10,6,4224,大橋栄里佳,6,6,0.21,,​1-4-3,840,​1-4,410,確定
20260928,多摩川,11,1,4061,萩原秀人,1,1,0.15,逃げ,​1-5-2,1880,​1-5,1210,確定
20260928,多摩川,11,2,4288,永田啓二,3,2,0.21,,​1-5-2,1880,​1-5,1210,確定
20260928,多摩川,11,3,3202,三品隆浩,6,3,0.27,,​1-5-2,1880,​1-5,1210,確定
20260928,多摩川,11,4,4383,竹田吉行,5,4,0.24,,​1-5-2,1880,​1-5,1210,確定
20260928,多摩川,11,5,4435,服部達哉,2,5,0.19,,​1-5-2,1880,​1-5,1210,確定
20260928,多摩川,11,6,3662,大庭元明,4,6,0.17,,​1-5-2,1880,​1-5,1210,確定
20260928,多摩川,12,1,4932,新開航,1,1,0.14,逃げ,​1-2-3,860,​1-2,320,確定
20260928,多摩川,12,2,4225,土屋千明,2,2,0.15,,​1-2-3,860,​1-2,320,確定
20260928,多摩川,12,3,4015,前野竜一,3,3,0.15,,​1-2-3,860,​1-2,320,確定
20260928,多摩川,12,4,4251,川崎誠志,5,5,0.23,,​1-2-3,860,​1-2,320,確定
20260928,多摩川,12,5,4003,表憲一,6,6,0.17,,​1-2-3,860,​1-2,320,確定
20260928,多摩川,12,6,4446,和田兼輔,4,4,0.19,,​1-2-3,860,​1-2,320,確定
20260929,多摩川,1,1,3518,倉田郁美,1,1,0.09,逃げ,​1-5-6,2730,​1-5,1760,確定
20260929,多摩川,1,2,5327,西田和加,6,2,0.12,,​1-5-6,2730,​1-5,1760,確定
20260929,多摩川,1,3,4864,小川日紀太,4,3,0.08,,​1-5-6,2730,​1-5,1760,確定
20260929,多摩川,1,4,5411,木下虎之輔,5,4,0.15,,​1-5-6,2730,​1-5,1760,確定
20260929,多摩川,1,5,4709,岡村将也,2,5,0.09,,​1-5-6,2730,​1-5,1760,確定
20260929,多摩川,1,6,4379,桑島和宏,3,6,0.1,,​1-5-6,2730,​1-5,1760,確定
20260929,多摩川,2,1,3662,大庭元明,1,1,0.28,抜き,​1-6-4,2550,​1-6,1550,確定
20260929,多摩川,2,2,4003,表憲一,4,3,0.18,,​1-6-4,2550,​1-6,1550,確定
20260929,多摩川,2,3,4251,川崎誠志,5,4,0.31,,​1-6-4,2550,​1-6,1550,確定
20260929,多摩川,2,4,4435,服部達哉,3,5,0.16,,​1-6-4,2550,​1-6,1550,確定
20260929,多摩川,2,5,3885,久田武,6,6,0.24,,​1-6-4,2550,​1-6,1550,確定
20260929,多摩川,2,6,3072,西田靖,2,2,0.17,,​1-6-4,2550,​1-6,1550,確定
20260929,多摩川,3,1,4025,山本隆幸,1,1,0.18,逃げ,​1-6-2,1250,​1-6,440,確定
20260929,多摩川,3,2,4190,長嶋万記,3,2,0.19,,​1-6-2,1250,​1-6,440,確定
20260929,多摩川,3,3,4113,木村浩士,5,3,0.16,,​1-6-2,1250,​1-6,440,確定
20260929,多摩川,3,4,5376,吉田一心,6,4,0.12,,​1-6-2,1250,​1-6,440,確定
20260929,多摩川,3,5,4447,深川麻奈美,4,5,0.13,,​1-6-2,1250,​1-6,440,確定
20260929,多摩川,3,6,4932,新開航,2,6,0.11,,​1-6-2,1250,​1-6,440,確定
20260929,多摩川,4,1,4931,木谷賢太,1,1,0.16,逃げ,​1-3-2,2570,​1-3,290,確定
20260929,多摩川,4,2,4224,大橋栄里佳,3,2,0.21,,​1-3-2,2570,​1-3,290,確定
20260929,多摩川,4,3,5199,垂水悠,2,3,0.18,,​1-3-2,2570,​1-3,290,確定
20260929,多摩川,4,4,4015,前野竜一,4,4,0.22,,​1-3-2,2570,​1-3,290,確定
20260929,多摩川,4,5,3075,中村裕将,5,5,0.19,,​1-3-2,2570,​1-3,290,確定
20260929,多摩川,4,6,4288,永田啓二,6,6,0.28,,​1-3-2,2570,​1-3,290,確定
20260929,多摩川,5,1,3860,松本浩貴,3,2,0.14,,​2-3-1,1440,​2-3,630,確定
20260929,多摩川,5,2,4446,和田兼輔,1,1,0.11,逃げ,​2-3-1,1440,​2-3,630,確定
20260929,多摩川,5,3,5049,松井友汰,2,3,0.11,,​2-3-1,1440,​2-3,630,確定
20260929,多摩川,5,4,5292,佐藤右京,4,4,0.16,,​2-3-1,1440,​2-3,630,確定
20260929,多摩川,5,5,3349,吉田一郎,5,5,0.09,,​2-3-1,1440,​2-3,630,確定
20260929,多摩川,5,6,5313,鈴木唯央,6,6,0.15,,​2-3-1,1440,​2-3,630,確定
20260929,多摩川,6,1,4251,川崎誠志,1,1,0.08,逃げ,​1-2-6,1370,​1-2,540,確定
20260929,多摩川,6,2,4061,萩原秀人,2,2,0.07,,​1-2-6,1370,​1-2,540,確定
20260929,多摩川,6,3,4225,土屋千明,4,3,0.09,,​1-2-6,1370,​1-2,540,確定
20260929,多摩川,6,4,3662,大庭元明,6,4,0.16,,​1-2-6,1370,​1-2,540,確定
20260929,多摩川,6,5,4332,村上彰一,5,5,0.25,,​1-2-6,1370,​1-2,540,確定
20260929,多摩川,6,6,4144,石塚久也,3,6,0.17,,​1-2-6,1370,​1-2,540,確定
20260929,多摩川,7,1,3885,久田武,3,1,0.17,,​4-6-1,1210,​4-6,520,確定
20260929,多摩川,7,2,3589,西村勝,6,2,0.21,,​4-6-1,1210,​4-6,520,確定
20260929,多摩川,7,3,3202,三品隆浩,4,3,0.17,,​4-6-1,1210,​4-6,520,確定
20260929,多摩川,7,4,4513,河野真也,1,4,0.09,まくり,​4-6-1,1210,​4-6,520,確定
20260929,多摩川,7,5,4003,表憲一,5,5,0.04,,​4-6-1,1210,​4-6,520,確定
20260929,多摩川,7,6,4737,竹井貴史,2,6,0.02,,​4-6-1,1210,​4-6,520,確定
20260929,多摩川,8,1,4383,竹田吉行,1,1,0.12,逃げ,​1-4-3,1620,​1-4,790,確定
20260929,多摩川,8,2,3518,倉田郁美,5,2,0.14,,​1-4-3,1620,​1-4,790,確定
20260929,多摩川,8,3,5079,大石真央,3,3,0.05,,​1-4-3,1620,​1-4,790,確定
20260929,多摩川,8,4,4113,木村浩士,2,4,0.11,,​1-4-3,1620,​1-4,790,確定
20260929,多摩川,8,5,3385,渡邉睦広,4,5,0.13,,​1-4-3,1620,​1-4,790,確定
20260929,多摩川,8,6,3653,品川賢次,6,6,0.17,,​1-4-3,1620,​1-4,790,確定
20260929,多摩川,9,1,4709,岡村将也,1,1,0.09,逃げ,​1-2-4,860,​1-2,330,確定
20260929,多摩川,9,2,4379,桑島和宏,2,2,0.09,,​1-2-4,860,​1-2,330,確定
20260929,多摩川,9,3,5376,吉田一心,4,5,0.12,,​1-2-4,860,​1-2,330,確定
20260929,多摩川,9,4,3302,谷川里江,3,3,0.09,,​1-2-4,860,​1-2,330,確定
20260929,多摩川,9,5,4224,大橋栄里佳,5,4,0.17,,​1-2-4,860,​1-2,330,確定
20260929,多摩川,9,6,5048,眞鳥康太,6,6,0.26,,​1-2-4,860,​1-2,330,確定
20260929,多摩川,10,1,4288,永田啓二,1,1,0.02,逃げ,​1-4-3,1990,​1-4,460,確定
20260929,多摩川,10,2,3349,吉田一郎,4,2,0.13,,​1-4-3,1990,​1-4,460,確定
20260929,多摩川,10,3,4435,服部達哉,3,3,0.07,,​1-4-3,1990,​1-4,460,確定
20260929,多摩川,10,4,5199,垂水悠,2,4,0.02,,​1-4-3,1990,​1-4,460,確定
20260929,多摩川,10,5,4190,長嶋万記,5,5,0.04,,​1-4-3,1990,​1-4,460,確定
20260929,多摩川,10,6,4025,山本隆幸,6,6,0.06,,​1-4-3,1990,​1-4,460,確定
20260929,多摩川,11,1,4144,石塚久也,1,1,0.23,逃げ,​1-5-2,800,​1-5,290,確定
20260929,多摩川,11,2,4447,深川麻奈美,3,2,0.23,,​1-5-2,800,​1-5,290,確定
20260929,多摩川,11,3,4015,前野竜一,4,4,0.22,,​1-5-2,800,​1-5,290,確定
20260929,多摩川,11,4,4225,土屋千明,5,5,0.18,,​1-5-2,800,​1-5,290,確定
20260929,多摩川,11,5,4446,和田兼輔,2,3,0.23,,​1-5-2,800,​1-5,290,確定
20260929,多摩川,11,6,3860,松本浩貴,6,6,0.19,,​1-5-2,800,​1-5,290,確定
20260929,多摩川,12,1,4737,竹井貴史,2,1,0.15,,​2-1-3,2410,​2-1,790,確定
20260929,多摩川,12,2,4932,新開航,1,2,0.09,抜き,​2-1-3,2410,​2-1,790,確定
20260929,多摩川,12,3,4513,河野真也,3,3,0.12,,​2-1-3,2410,​2-1,790,確定
20260929,多摩川,12,4,5049,松井友汰,4,4,0.16,,​2-1-3,2410,​2-1,790,確定
20260929,多摩川,12,5,4061,萩原秀人,5,5,0.14,,​2-1-3,2410,​2-1,790,確定
20260929,多摩川,12,6,4931,木谷賢太,6,6,0.16,,​2-1-3,2410,​2-1,790,確定
20260930,多摩川,1,1,3072,西田靖,3,1,0.12,,​3-6-1,4920,​3-6,1900,確定
20260930,多摩川,1,2,5313,鈴木唯央,6,2,0.16,,​3-6-1,4920,​3-6,1900,確定
20260930,多摩川,1,3,3075,中村裕将,1,3,0.16,まくり差し,​3-6-1,4920,​3-6,1900,確定
20260930,多摩川,1,4,4251,川崎誠志,5,4,0.22,,​3-6-1,4920,​3-6,1900,確定
20260930,多摩川,1,5,4332,村上彰一,4,5,0.21,,​3-6-1,4920,​3-6,1900,確定
20260930,多摩川,1,6,4383,竹田吉行,2,6,0.21,,​3-6-1,4920,​3-6,1900,確定
20260930,多摩川,2,1,5292,佐藤右京,5,1,0.22,,​2-3-5,1460,​2-3,1030,確定
20260930,多摩川,2,2,4025,山本隆幸,1,2,0.18,まくり,​2-3-5,1460,​2-3,1030,確定
20260930,多摩川,2,3,3589,西村勝,2,3,0.17,,​2-3-5,1460,​2-3,1030,確定
20260930,多摩川,2,4,3653,品川賢次,6,6,0.11,,​2-3-5,1460,​2-3,1030,確定
20260930,多摩川,2,5,5049,松井友汰,3,4,0.12,,​2-3-5,1460,​2-3,1030,確定
20260930,多摩川,2,6,3202,三品隆浩,4,5,0.09,,​2-3-5,1460,​2-3,1030,確定
20260930,多摩川,3,1,3860,松本浩貴,3,1,0.16,,​2-4-1,4410,​2-4,2040,確定
20260930,多摩川,3,2,3385,渡邉睦広,1,2,0.14,差し,​2-4-1,4410,​2-4,2040,確定
20260930,多摩川,3,3,4864,小川日紀太,4,3,0.13,,​2-4-1,4410,​2-4,2040,確定
20260930,多摩川,3,4,4435,服部達哉,2,4,0.09,,​2-4-1,4410,​2-4,2040,確定
20260930,多摩川,3,5,4379,桑島和宏,5,5,0.15,,​2-4-1,4410,​2-4,2040,確定
20260930,多摩川,3,6,3662,大庭元明,6,6,0.11,,​2-4-1,4410,​2-4,2040,確定
20260930,多摩川,4,1,5327,西田和加,5,1,0.24,,​4-6-5,3200,​4-6,1460,確定
20260930,多摩川,4,2,4224,大橋栄里佳,4,2,0.28,,​4-6-5,3200,​4-6,1460,確定
20260930,多摩川,4,3,3518,倉田郁美,6,3,0.27,,​4-6-5,3200,​4-6,1460,確定
20260930,多摩川,4,4,5079,大石真央,1,4,0.12,まくり,​4-6-5,3200,​4-6,1460,確定
20260930,多摩川,4,5,3302,谷川里江,3,5,0.19,,​4-6-5,3200,​4-6,1460,確定
20260930,多摩川,4,6,4447,深川麻奈美,2,6,0.19,,​4-6-5,3200,​4-6,1460,確定
20260930,多摩川,5,1,4113,木村浩士,3,1,0.15,,​3-4-1,5710,​3-4,1270,確定
20260930,多摩川,5,2,4003,表憲一,4,2,0.13,,​3-4-1,5710,​3-4,1270,確定
20260930,多摩川,5,3,4061,萩原秀人,1,3,0.12,まくり差し,​3-4-1,5710,​3-4,1270,確定
20260930,多摩川,5,4,3075,中村裕将,2,4,0.07,,​3-4-1,5710,​3-4,1270,確定
20260930,多摩川,5,5,3349,吉田一郎,6,5,0.06,,​3-4-1,5710,​3-4,1270,確定
20260930,多摩川,5,6,4709,岡村将也,5,6,0.15,,​3-4-1,5710,​3-4,1270,確定
20260930,多摩川,6,1,3653,品川賢次,6,1,0.22,,​3-4-6,3600,​3-4,2140,確定
20260930,多摩川,6,2,4190,長嶋万記,4,2,0.23,,​3-4-6,3600,​3-4,2140,確定
20260930,多摩川,6,3,4225,土屋千明,1,3,0.13,抜き,​3-4-6,3600,​3-4,2140,確定
20260930,多摩川,6,4,3885,久田武,2,4,0.11,,​3-4-6,3600,​3-4,2140,確定
20260930,多摩川,6,5,5292,佐藤右京,5,5,0.16,,​3-4-6,3600,​3-4,2140,確定
20260930,多摩川,6,6,4513,河野真也,3,6,0.14,,​3-4-6,3600,​3-4,2140,確定
20260930,多摩川,7,1,4931,木谷賢太,1,1,0.08,逃げ,​1-4-2,880,​1-4,340,確定
20260930,多摩川,7,2,4332,村上彰一,3,2,0.12,,​1-4-2,880,​1-4,340,確定
20260930,多摩川,7,3,5376,吉田一心,4,3,0.07,,​1-4-2,880,​1-4,340,確定
20260930,多摩川,7,4,4015,前野竜一,2,4,0.07,,​1-4-2,880,​1-4,340,確定
20260930,多摩川,7,5,4864,小川日紀太,6,5,0.11,,​1-4-2,880,​1-4,340,確定
20260930,多摩川,7,6,5411,木下虎之輔,5,6,0.04,,​1-4-2,880,​1-4,340,確定
20260930,多摩川,8,1,5048,眞鳥康太,4,1,0.14,,​3-2-5,8940,​3-2,2470,確定
20260930,多摩川,8,2,3302,谷川里江,2,3,0.11,,​3-2-5,8940,​3-2,2470,確定
20260930,多摩川,8,3,5079,大石真央,1,4,0.19,まくり差し,​3-2-5,8940,​3-2,2470,確定
20260930,多摩川,8,4,3385,渡邉睦広,5,5,0.22,,​3-2-5,8940,​3-2,2470,確定
20260930,多摩川,8,5,3589,西村勝,3,6,0.27,,​3-2-5,8940,​3-2,2470,確定
20260930,多摩川,8,6,3072,西田靖,6,2,0.15,,​3-2-5,8940,​3-2,2470,確定
20260930,多摩川,9,1,4709,岡村将也,2,1,0.09,,​3-1-4,2930,​3-1,790,確定
20260930,多摩川,9,2,4379,桑島和宏,5,2,0.06,,​3-1-4,2930,​3-1,790,確定
20260930,多摩川,9,3,3662,大庭元明,1,3,0.04,まくり差し,​3-1-4,2930,​3-1,790,確定
20260930,多摩川,9,4,4383,竹田吉行,3,4,0.11,,​3-1-4,2930,​3-1,790,確定
20260930,多摩川,9,5,4251,川崎誠志,4,5,0.14,,​3-1-4,2930,​3-1,790,確定
20260930,多摩川,9,6,4113,木村浩士,6,6,0.17,,​3-1-4,2930,​3-1,790,確定
20260930,多摩川,10,1,4513,河野真也,1,1,0.12,逃げ,​1-4-2,1410,​1-4,500,確定
20260930,多摩川,10,2,3349,吉田一郎,3,2,0.12,,​1-4-2,1410,​1-4,500,確定
20260930,多摩川,10,3,5049,松井友汰,4,3,0.16,,​1-4-2,1410,​1-4,500,確定
20260930,多摩川,10,4,4061,萩原秀人,2,4,0.19,,​1-4-2,1410,​1-4,500,確定
20260930,多摩川,10,5,4025,山本隆幸,5,5,0.16,,​1-4-2,1410,​1-4,500,確定
20260930,多摩川,10,6,3860,松本浩貴,6,6,0.14,,​1-4-2,1410,​1-4,500,確定
20260930,多摩川,11,1,4447,深川麻奈美,2,1,0.07,,​2-1-6,4800,​2-1,840,確定
20260930,多摩川,11,2,4435,服部達哉,1,2,0.05,差し,​2-1-6,4800,​2-1,840,確定
20260930,多摩川,11,3,4015,前野竜一,4,3,0.05,,​2-1-6,4800,​2-1,840,確定
20260930,多摩川,11,4,4225,土屋千明,5,4,0.01,,​2-1-6,4800,​2-1,840,確定
20260930,多摩川,11,5,4190,長嶋万記,6,5,0.06,,​2-1-6,4800,​2-1,840,確定
20260930,多摩川,11,6,4931,木谷賢太,3,6,0.07,,​2-1-6,4800,​2-1,840,確定
20260930,多摩川,12,1,4144,石塚久也,1,1,0.14,逃げ,​1-3-2,1030,​1-3,360,確定
20260930,多摩川,12,2,4288,永田啓二,3,2,0.13,,​1-3-2,1030,​1-3,360,確定
20260930,多摩川,12,3,4932,新開航,2,3,0.14,,​1-3-2,1030,​1-3,360,確定
20260930,多摩川,12,4,4737,竹井貴史,4,5,0.08,,​1-3-2,1030,​1-3,360,確定
20260930,多摩川,12,5,5199,垂水悠,6,6,0.09,,​1-3-2,1030,​1-3,360,確定
20260930,多摩川,12,6,4446,和田兼輔,5,4,0.11,,​1-3-2,1030,​1-3,360,確定
