日付,場,R,枠,登録番号,選手名,級別,展示タイム,一周タイム,回り足タイム,直線タイム,展示進入,展示ST,チルト,プロペラ,部品交換,天気,気温,水温,風速,風向,波高,出典URL
20260919,浜名湖,1,1,4327,加藤 翔,B1,6.68,37.66,5.32,8.02,1.0,0.08,-0.5,,,曇り,25.0,26.0,1.0,北,0.0,https://boatraceraid.jp/exhibition/?opdt=2026-09-19&rcoursecd=06&rno=01
20260919,浜名湖,1,2,3475,橋本 久和,B1,6.65,37.4,5.3,8.01,2.0,0.19,0.0,,,曇り,25.0,26.0,1.0,北,0.0,https://boatraceraid.jp/exhibition/?opdt=2026-09-19&rcoursecd=06&rno=01
20260919,浜名湖,1,3,3514,山一 鉄也,A2,6.7,37.43,5.32,8.02,3.0,0.23,0.0,,,曇り,25.0,26.0,1.0,北,0.0,https://boatraceraid.jp/exhibition/?opdt=2026-09-19&rcoursecd=06&rno=01
20260919,浜名湖,1,4,5371,早川 颯太,B2,6.77,37.98,5.49,8.09,4.0,0.27,0.0,,,曇り,25.0,26.0,1.0,北,0.0,https://boatraceraid.jp/exhibition/?opdt=2026-09-19&rcoursecd=06&rno=01
20260919,浜名湖,1,5,4196,田中 太一郎,B1,6.65,37.97,5.56,8.1,5.0,0.23,0.0,,,曇り,25.0,26.0,1.0,北,0.0,https://boatraceraid.jp/exhibition/?opdt=2026-09-19&rcoursecd=06&rno=01
20260919,浜名湖,1,6,4945,上村 宏太,B1,6.68,37.76,5.55,8.2,6.0,0.24,0.0,,,曇り,25.0,26.0,1.0,北,0.0,https://boatraceraid.jp/exhibition/?opdt=2026-09-19&rcoursecd=06&rno=01
20260919,浜名湖,2,1,3517,高橋 勲,B1,6.74,37.02,5.04,8.08,1.0,0.28,0.0,,,曇り,25.0,26.0,1.0,北,0.0,https://boatraceraid.jp/exhibition/?opdt=2026-09-19&rcoursecd=06&rno=02
20260919,浜名湖,2,2,4593,小坂 宗司,A2,6.69,37.12,5.13,7.98,2.0,0.21,0.0,,,曇り,25.0,26.0,1.0,北,0.0,https://boatraceraid.jp/exhibition/?opdt=2026-09-19&rcoursecd=06&rno=02
20260919,浜名湖,2,3,4428,有賀 達也,A2,6.69,36.99,5.18,8.34,3.0,0.17,-0.5,,,曇り,25.0,26.0,1.0,北,0.0,https://boatraceraid.jp/exhibition/?opdt=2026-09-19&rcoursecd=06&rno=02
20260919,浜名湖,2,4,4151,下河 誉史,B1,6.76,38.04,5.44,8.01,4.0,0.2,-0.5,,,曇り,25.0,26.0,1.0,北,0.0,https://boatraceraid.jp/exhibition/?opdt=2026-09-19&rcoursecd=06&rno=02
20260919,浜名湖,2,5,3910,松下 知幸,B1,6.73,37.84,5.45,8.16,5.0,0.12,-0.5,,,曇り,25.0,26.0,1.0,北,0.0,https://boatraceraid.jp/exhibition/?opdt=2026-09-19&rcoursecd=06&rno=02
20260919,浜名湖,2,6,3711,江本 真治,A2,6.71,37.66,5.4,8.3,6.0,0.14,0.5,,,曇り,25.0,26.0,1.0,北,0.0,https://boatraceraid.jp/exhibition/?opdt=2026-09-19&rcoursecd=06&rno=02
20260919,浜名湖,3,1,4128,川口 貴久,B1,6.67,37.85,5.44,8.26,1.0,0.27,-0.5,,,曇り,26.0,27.0,3.0,南,1.0,https://boatraceraid.jp/exhibition/?opdt=2026-09-19&rcoursecd=06&rno=03
20260919,浜名湖,3,2,4302,西野 翔太,A1,6.66,37.85,5.33,8.39,2.0,0.31,-0.5,,,曇り,26.0,27.0,3.0,南,1.0,https://boatraceraid.jp/exhibition/?opdt=2026-09-19&rcoursecd=06&rno=03
20260919,浜名湖,3,3,4460,後藤 翔之,A2,6.69,37.56,5.32,8.36,3.0,0.27,0.0,,,曇り,26.0,27.0,3.0,南,1.0,https://boatraceraid.jp/exhibition/?opdt=2026-09-19&rcoursecd=06&rno=03
20260919,浜名湖,3,4,4263,武重 雄介,B1,6.76,38.04,5.42,8.41,4.0,0.02,0.0,,,曇り,26.0,27.0,3.0,南,1.0,https://boatraceraid.jp/exhibition/?opdt=2026-09-19&rcoursecd=06&rno=03
20260919,浜名湖,3,5,5299,西丸 敦基,A2,6.69,37.34,5.53,8.2,5.0,-0.04,0.0,,,曇り,26.0,27.0,3.0,南,1.0,https://boatraceraid.jp/exhibition/?opdt=2026-09-19&rcoursecd=06&rno=03
20260919,浜名湖,3,6,4992,廣瀬 篤哉,B1,6.69,37.83,5.34,8.25,6.0,0.06,0.0,,,曇り,26.0,27.0,3.0,南,1.0,https://boatraceraid.jp/exhibition/?opdt=2026-09-19&rcoursecd=06&rno=03
20260919,浜名湖,4,1,4189,川上 剛,A1,6.71,37.12,5.48,8.25,1.0,0.13,-0.5,,,曇り,27.0,27.0,2.0,南,1.0,https://boatraceraid.jp/exhibition/?opdt=2026-09-19&rcoursecd=06&rno=04
20260919,浜名湖,4,2,3655,本橋 克洋,B1,6.76,37.43,5.39,8.12,2.0,0.25,0.0,,,曇り,27.0,27.0,2.0,南,1.0,https://boatraceraid.jp/exhibition/?opdt=2026-09-19&rcoursecd=06&rno=04
20260919,浜名湖,4,3,3294,野中 義生,B1,6.65,37.78,5.43,8.13,3.0,0.23,0.0,,,曇り,27.0,27.0,2.0,南,1.0,https://boatraceraid.jp/exhibition/?opdt=2026-09-19&rcoursecd=06&rno=04
20260919,浜名湖,4,4,5007,近藤 雄一郎,B1,6.77,37.69,5.26,8.2,4.0,0.1,0.0,,,曇り,27.0,27.0,2.0,南,1.0,https://boatraceraid.jp/exhibition/?opdt=2026-09-19&rcoursecd=06&rno=04
20260919,浜名湖,4,5,3523,寳田 亮治,B1,6.68,38.06,5.4,8.12,5.0,0.14,0.0,,,曇り,27.0,27.0,2.0,南,1.0,https://boatraceraid.jp/exhibition/?opdt=2026-09-19&rcoursecd=06&rno=04
20260919,浜名湖,4,6,3989,熊本 英一,B1,6.71,39.0,5.47,8.05,6.0,0.13,-0.5,,,曇り,27.0,27.0,2.0,南,1.0,https://boatraceraid.jp/exhibition/?opdt=2026-09-19&rcoursecd=06&rno=04
20260919,浜名湖,5,1,5368,宮崎 心之介,B1,6.73,36.97,5.41,8.17,1.0,0.07,0.0,,,曇り,27.0,27.0,2.0,南,1.0,https://boatraceraid.jp/exhibition/?opdt=2026-09-19&rcoursecd=06&rno=05
20260919,浜名湖,5,2,4518,大須賀 友,A1,6.64,37.04,5.39,8.02,2.0,-0.07,0.0,,,曇り,27.0,27.0,2.0,南,1.0,https://boatraceraid.jp/exhibition/?opdt=2026-09-19&rcoursecd=06&rno=05
20260919,浜名湖,5,3,4140,梶野 学志,A2,6.76,37.64,5.31,8.18,3.0,0.25,0.0,,,曇り,27.0,27.0,2.0,南,1.0,https://boatraceraid.jp/exhibition/?opdt=2026-09-19&rcoursecd=06&rno=05
20260919,浜名湖,5,4,5046,松山 裕基,B1,6.68,38.26,5.47,8.23,4.0,0.04,0.0,,,曇り,27.0,27.0,2.0,南,1.0,https://boatraceraid.jp/exhibition/?opdt=2026-09-19&rcoursecd=06&rno=05
20260919,浜名湖,5,5,4049,荒川 健太,A2,6.73,37.79,5.44,8.14,5.0,-0.06,0.0,,,曇り,27.0,27.0,2.0,南,1.0,https://boatraceraid.jp/exhibition/?opdt=2026-09-19&rcoursecd=06&rno=05
20260919,浜名湖,5,6,5348,小林 甘寧,B1,6.65,37.63,5.27,8.24,6.0,0.14,-0.5,,,曇り,27.0,27.0,2.0,南,1.0,https://boatraceraid.jp/exhibition/?opdt=2026-09-19&rcoursecd=06&rno=05
20260919,浜名湖,6,1,5083,柳瀬 幹太,B1,6.73,37.0,5.2,8.17,1.0,0.24,0.0,,,曇り,27.0,27.0,2.0,南,1.0,https://boatraceraid.jp/exhibition/?opdt=2026-09-19&rcoursecd=06&rno=06
20260919,浜名湖,6,2,4227,安達 裕樹,A2,6.73,37.27,5.44,8.14,2.0,0.01,0.0,,,曇り,27.0,27.0,2.0,南,1.0,https://boatraceraid.jp/exhibition/?opdt=2026-09-19&rcoursecd=06&rno=06
20260919,浜名湖,6,3,5371,早川 颯太,B2,6.76,37.59,6.01,8.01,3.0,-0.04,-0.5,,,曇り,27.0,27.0,2.0,南,1.0,https://boatraceraid.jp/exhibition/?opdt=2026-09-19&rcoursecd=06&rno=06
20260919,浜名湖,6,4,4143,浦田 晃嗣,B1,6.78,38.04,5.79,8.05,4.0,-0.01,0.0,,,曇り,27.0,27.0,2.0,南,1.0,https://boatraceraid.jp/exhibition/?opdt=2026-09-19&rcoursecd=06&rno=06
20260919,浜名湖,6,5,4352,下條 雄太郎,A1,6.68,36.8,5.4,8.1,5.0,0.02,0.0,,,曇り,27.0,27.0,2.0,南,1.0,https://boatraceraid.jp/exhibition/?opdt=2026-09-19&rcoursecd=06&rno=06
20260919,浜名湖,6,6,4561,藤山 翔大,A2,6.81,38.68,5.83,8.2,6.0,0.09,-0.5,,,曇り,27.0,27.0,2.0,南,1.0,https://boatraceraid.jp/exhibition/?opdt=2026-09-19&rcoursecd=06&rno=06
20260919,浜名湖,7,1,4753,森 照夫,B2,6.8,37.61,5.4,8.24,1.0,0.04,-0.5,,,曇り,27.0,27.0,2.0,南,1.0,https://boatraceraid.jp/exhibition/?opdt=2026-09-19&rcoursecd=06&rno=07
20260919,浜名湖,7,2,4044,湯川 浩司,A1,6.74,37.52,5.34,8.26,2.0,0.11,0.0,,,曇り,27.0,27.0,2.0,南,1.0,https://boatraceraid.jp/exhibition/?opdt=2026-09-19&rcoursecd=06&rno=07
20260919,浜名湖,7,3,4945,上村 宏太,B1,6.72,37.56,5.37,8.19,3.0,0.04,0.0,,,曇り,27.0,27.0,2.0,南,1.0,https://boatraceraid.jp/exhibition/?opdt=2026-09-19&rcoursecd=06&rno=07
20260919,浜名湖,7,4,4919,吉田 翔悟,B1,6.72,37.43,5.78,8.11,4.0,0.03,0.0,,,曇り,27.0,27.0,2.0,南,1.0,https://boatraceraid.jp/exhibition/?opdt=2026-09-19&rcoursecd=06&rno=07
20260919,浜名湖,7,5,5379,廣部 大明,B1,6.79,37.52,5.64,8.29,5.0,0.21,0.0,,,曇り,27.0,27.0,2.0,南,1.0,https://boatraceraid.jp/exhibition/?opdt=2026-09-19&rcoursecd=06&rno=07
20260919,浜名湖,7,6,4428,有賀 達也,A2,6.69,37.07,5.27,8.27,6.0,0.08,-0.5,,,曇り,27.0,27.0,2.0,南,1.0,https://boatraceraid.jp/exhibition/?opdt=2026-09-19&rcoursecd=06&rno=07
20260919,浜名湖,8,1,4661,中島 昂章,A2,6.73,37.51,5.45,8.18,1.0,0.31,0.0,,,曇り,28.0,27.0,0.0,西,0.0,https://boatraceraid.jp/exhibition/?opdt=2026-09-19&rcoursecd=06&rno=08
20260919,浜名湖,8,2,5400,高村 諒,B2,6.73,37.43,5.54,8.14,2.0,0.15,0.0,,,曇り,28.0,27.0,0.0,西,0.0,https://boatraceraid.jp/exhibition/?opdt=2026-09-19&rcoursecd=06&rno=08
20260919,浜名湖,8,3,3910,松下 知幸,B1,6.79,37.83,5.4,8.09,3.0,0.19,0.0,,,曇り,28.0,27.0,0.0,西,0.0,https://boatraceraid.jp/exhibition/?opdt=2026-09-19&rcoursecd=06&rno=08
20260919,浜名湖,8,4,4436,渋谷 明憲,A1,6.73,37.52,5.4,8.2,4.0,0.16,0.0,,,曇り,28.0,27.0,0.0,西,0.0,https://boatraceraid.jp/exhibition/?opdt=2026-09-19&rcoursecd=06&rno=08
20260919,浜名湖,8,5,4327,加藤 翔,B1,6.74,37.94,5.62,7.93,5.0,0.09,-0.5,,,曇り,28.0,27.0,0.0,西,0.0,https://boatraceraid.jp/exhibition/?opdt=2026-09-19&rcoursecd=06&rno=08
20260919,浜名湖,8,6,4263,武重 雄介,B1,6.83,37.88,5.55,8.06,6.0,0.08,0.0,,,曇り,28.0,27.0,0.0,西,0.0,https://boatraceraid.jp/exhibition/?opdt=2026-09-19&rcoursecd=06&rno=08
20260919,浜名湖,9,1,4793,金子 萌,A2,6.71,37.3,5.32,8.38,1.0,0.21,-0.5,,,曇り,29.0,27.0,0.0,西,0.0,https://boatraceraid.jp/exhibition/?opdt=2026-09-19&rcoursecd=06&rno=09
20260919,浜名湖,9,2,5299,西丸 敦基,A2,6.7,37.34,5.69,8.06,2.0,0.11,0.0,,,曇り,29.0,27.0,0.0,西,0.0,https://boatraceraid.jp/exhibition/?opdt=2026-09-19&rcoursecd=06&rno=09
20260919,浜名湖,9,3,5348,小林 甘寧,B1,6.64,37.19,5.14,8.07,3.0,0.08,-0.5,,,曇り,29.0,27.0,0.0,西,0.0,https://boatraceraid.jp/exhibition/?opdt=2026-09-19&rcoursecd=06&rno=09
20260919,浜名湖,9,4,3517,高橋 勲,B1,6.71,38.37,5.64,8.28,4.0,0.33,0.0,,,曇り,29.0,27.0,0.0,西,0.0,https://boatraceraid.jp/exhibition/?opdt=2026-09-19&rcoursecd=06&rno=09
20260919,浜名湖,9,5,3514,山一 鉄也,A2,6.69,37.76,5.33,8.26,5.0,0.13,0.0,,,曇り,29.0,27.0,0.0,西,0.0,https://boatraceraid.jp/exhibition/?opdt=2026-09-19&rcoursecd=06&rno=09
20260919,浜名湖,9,6,3655,本橋 克洋,B1,6.71,38.06,5.48,8.13,6.0,0.25,0.0,,,曇り,29.0,27.0,0.0,西,0.0,https://boatraceraid.jp/exhibition/?opdt=2026-09-19&rcoursecd=06&rno=09
20260919,浜名湖,10,1,3613,角谷 健吾,A2,6.7,37.76,5.33,8.29,1.0,0.08,-0.5,,,曇り,28.0,27.0,2.0,南,1.0,https://boatraceraid.jp/exhibition/?opdt=2026-09-19&rcoursecd=06&rno=10
20260919,浜名湖,10,2,4992,廣瀬 篤哉,B1,6.72,37.66,5.37,8.42,2.0,0.15,-0.5,,,曇り,28.0,27.0,2.0,南,1.0,https://boatraceraid.jp/exhibition/?opdt=2026-09-19&rcoursecd=06&rno=10
20260919,浜名湖,10,3,3711,江本 真治,A2,6.69,37.72,5.32,8.27,3.0,0.36,0.0,,,曇り,28.0,27.0,2.0,南,1.0,https://boatraceraid.jp/exhibition/?opdt=2026-09-19&rcoursecd=06&rno=10
20260919,浜名湖,10,4,3989,熊本 英一,B1,6.71,38.26,5.61,8.19,4.0,0.23,-0.5,,,曇り,28.0,27.0,2.0,南,1.0,https://boatraceraid.jp/exhibition/?opdt=2026-09-19&rcoursecd=06&rno=10
20260919,浜名湖,10,5,4140,梶野 学志,A2,6.81,37.82,5.17,8.12,5.0,0.18,0.0,,,曇り,28.0,27.0,2.0,南,1.0,https://boatraceraid.jp/exhibition/?opdt=2026-09-19&rcoursecd=06&rno=10
20260919,浜名湖,10,6,4561,藤山 翔大,A2,6.81,38.79,5.67,8.05,6.0,0.17,-0.5,,,曇り,28.0,27.0,2.0,南,1.0,https://boatraceraid.jp/exhibition/?opdt=2026-09-19&rcoursecd=06&rno=10
20260919,浜名湖,11,1,4570,前田 聖文,A1,6.71,37.42,5.24,8.43,1.0,0.04,0.0,,,曇り,27.0,27.0,2.0,南,1.0,https://boatraceraid.jp/exhibition/?opdt=2026-09-19&rcoursecd=06&rno=11
20260919,浜名湖,11,2,3523,寳田 亮治,B1,6.69,37.4,5.51,8.2,2.0,0.14,0.0,,,曇り,27.0,27.0,2.0,南,1.0,https://boatraceraid.jp/exhibition/?opdt=2026-09-19&rcoursecd=06&rno=11
20260919,浜名湖,11,3,4143,浦田 晃嗣,B1,6.76,38.18,5.65,8.21,3.0,0.11,0.0,,,曇り,27.0,27.0,2.0,南,1.0,https://boatraceraid.jp/exhibition/?opdt=2026-09-19&rcoursecd=06&rno=11
20260919,浜名湖,11,4,4049,荒川 健太,A2,6.7,38.16,5.53,8.17,4.0,0.24,0.0,,,曇り,27.0,27.0,2.0,南,1.0,https://boatraceraid.jp/exhibition/?opdt=2026-09-19&rcoursecd=06&rno=11
20260919,浜名湖,11,5,4460,後藤 翔之,A2,6.71,38.1,5.37,8.1,5.0,0.13,-0.5,,,曇り,27.0,27.0,2.0,南,1.0,https://boatraceraid.jp/exhibition/?opdt=2026-09-19&rcoursecd=06&rno=11
20260919,浜名湖,11,6,4593,小坂 宗司,A2,6.7,38.22,5.58,8.04,6.0,0.11,0.0,,,曇り,27.0,27.0,2.0,南,1.0,https://boatraceraid.jp/exhibition/?opdt=2026-09-19&rcoursecd=06&rno=11
20260919,浜名湖,12,1,4044,湯川 浩司,A1,6.69,37.02,5.43,8.09,1.0,-0.02,0.0,,,曇り,27.0,27.0,2.0,南,1.0,https://boatraceraid.jp/exhibition/?opdt=2026-09-19&rcoursecd=06&rno=12
20260919,浜名湖,12,2,4352,下條 雄太郎,A1,6.72,37.45,5.36,8.15,2.0,-0.03,0.0,,,曇り,27.0,27.0,2.0,南,1.0,https://boatraceraid.jp/exhibition/?opdt=2026-09-19&rcoursecd=06&rno=12
20260919,浜名湖,12,3,4189,川上 剛,A1,6.73,38.75,5.43,8.28,3.0,0.07,-0.5,,,曇り,27.0,27.0,2.0,南,1.0,https://boatraceraid.jp/exhibition/?opdt=2026-09-19&rcoursecd=06&rno=12
20260919,浜名湖,12,4,4302,西野 翔太,A1,6.67,38.13,5.37,8.29,4.0,-0.04,-0.5,,,曇り,27.0,27.0,2.0,南,1.0,https://boatraceraid.jp/exhibition/?opdt=2026-09-19&rcoursecd=06&rno=12
20260919,浜名湖,12,5,4518,大須賀 友,A1,6.66,37.21,5.33,8.02,5.0,-0.04,0.0,,,曇り,27.0,27.0,2.0,南,1.0,https://boatraceraid.jp/exhibition/?opdt=2026-09-19&rcoursecd=06&rno=12
20260919,浜名湖,12,6,4436,渋谷 明憲,A1,6.69,37.3,5.48,8.13,6.0,-0.07,0.0,,,曇り,27.0,27.0,2.0,南,1.0,https://boatraceraid.jp/exhibition/?opdt=2026-09-19&rcoursecd=06&rno=12
20260920,浜名湖,1,1,3294,野中 義生,B1,6.73,36.96,5.32,8.17,1.0,0.17,0.0,,,曇り,27.0,26.0,3.0,北西,2.0,https://boatraceraid.jp/exhibition/?opdt=2026-09-20&rcoursecd=06&rno=01
20260920,浜名湖,1,2,4151,下河 誉史,B1,6.83,38.0,5.28,8.21,2.0,0.14,-0.5,,,曇り,27.0,26.0,3.0,北西,2.0,https://boatraceraid.jp/exhibition/?opdt=2026-09-20&rcoursecd=06&rno=01
20260920,浜名湖,1,3,4793,金子 萌,A2,6.83,37.34,5.27,8.23,3.0,0.17,0.0,,,曇り,27.0,26.0,3.0,北西,2.0,https://boatraceraid.jp/exhibition/?opdt=2026-09-20&rcoursecd=06&rno=01
20260920,浜名湖,1,4,5379,廣部 大明,B1,6.77,37.71,5.76,8.31,4.0,0.01,0.0,,,曇り,27.0,26.0,3.0,北西,2.0,https://boatraceraid.jp/exhibition/?opdt=2026-09-20&rcoursecd=06&rno=01
20260920,浜名湖,1,5,5046,松山 裕基,B1,6.83,38.14,5.82,8.23,5.0,0.1,0.0,,,曇り,27.0,26.0,3.0,北西,2.0,https://boatraceraid.jp/exhibition/?opdt=2026-09-20&rcoursecd=06&rno=01
20260920,浜名湖,1,6,4128,川口 貴久,B1,6.79,38.52,5.6,8.34,6.0,0.16,-0.5,,,曇り,27.0,26.0,3.0,北西,2.0,https://boatraceraid.jp/exhibition/?opdt=2026-09-20&rcoursecd=06&rno=01
20260920,浜名湖,2,1,4919,吉田 翔悟,B1,6.71,37.18,5.23,8.2,1.0,0.14,0.0,,,曇り,27.0,26.0,3.0,北西,2.0,https://boatraceraid.jp/exhibition/?opdt=2026-09-20&rcoursecd=06&rno=02
20260920,浜名湖,2,2,4460,後藤 翔之,A2,6.78,37.86,5.27,8.26,2.0,0.1,-0.5,,,曇り,27.0,26.0,3.0,北西,2.0,https://boatraceraid.jp/exhibition/?opdt=2026-09-20&rcoursecd=06&rno=02
20260920,浜名湖,2,3,4227,安達 裕樹,A2,6.77,37.57,5.23,8.21,3.0,0.1,0.0,,,曇り,27.0,26.0,3.0,北西,2.0,https://boatraceraid.jp/exhibition/?opdt=2026-09-20&rcoursecd=06&rno=02
20260920,浜名湖,2,4,5368,宮崎 心之介,B1,6.81,37.58,5.24,8.21,4.0,0.08,0.0,,,曇り,27.0,26.0,3.0,北西,2.0,https://boatraceraid.jp/exhibition/?opdt=2026-09-20&rcoursecd=06&rno=02
20260920,浜名湖,2,5,3613,角谷 健吾,A2,6.79,38.42,5.55,8.29,5.0,-0.02,-0.5,,,曇り,27.0,26.0,3.0,北西,2.0,https://boatraceraid.jp/exhibition/?opdt=2026-09-20&rcoursecd=06&rno=02
20260920,浜名湖,2,6,4263,武重 雄介,B1,6.86,37.93,5.29,8.25,6.0,-0.03,0.0,,,曇り,27.0,26.0,3.0,北西,2.0,https://boatraceraid.jp/exhibition/?opdt=2026-09-20&rcoursecd=06&rno=02
20260920,浜名湖,3,1,5007,近藤 雄一郎,B1,6.84,37.55,5.52,8.5,1.0,0.12,0.0,,,曇り,27.0,26.0,2.0,東,1.0,https://boatraceraid.jp/exhibition/?opdt=2026-09-20&rcoursecd=06&rno=03
20260920,浜名湖,3,2,4140,梶野 学志,A2,6.88,37.93,5.32,8.46,2.0,0.31,-0.5,,,曇り,27.0,26.0,2.0,東,1.0,https://boatraceraid.jp/exhibition/?opdt=2026-09-20&rcoursecd=06&rno=03
20260920,浜名湖,3,3,4753,森 照夫,B2,6.88,38.08,5.48,8.6,3.0,0.15,-0.5,,,曇り,27.0,26.0,2.0,東,1.0,https://boatraceraid.jp/exhibition/?opdt=2026-09-20&rcoursecd=06&rno=03
20260920,浜名湖,3,4,3523,寳田 亮治,B1,6.78,37.9,5.62,8.27,4.0,0.23,0.0,,,曇り,27.0,26.0,2.0,東,1.0,https://boatraceraid.jp/exhibition/?opdt=2026-09-20&rcoursecd=06&rno=03
20260920,浜名湖,3,5,4436,渋谷 明憲,A1,6.74,37.88,5.41,8.25,5.0,0.08,0.0,,,曇り,27.0,26.0,2.0,東,1.0,https://boatraceraid.jp/exhibition/?opdt=2026-09-20&rcoursecd=06&rno=03
20260920,浜名湖,3,6,4561,藤山 翔大,A2,6.87,38.63,5.79,8.29,6.0,0.21,-0.5,,,曇り,27.0,26.0,2.0,東,1.0,https://boatraceraid.jp/exhibition/?opdt=2026-09-20&rcoursecd=06&rno=03
20260920,浜名湖,4,1,4518,大須賀 友,A1,6.75,37.32,5.38,8.11,1.0,-0.03,0.0,,,曇り,27.0,26.0,2.0,北,1.0,https://boatraceraid.jp/exhibition/?opdt=2026-09-20&rcoursecd=06&rno=04
20260920,浜名湖,4,2,3517,高橋 勲,B1,6.89,37.69,5.36,8.36,2.0,0.11,-0.5,,,曇り,27.0,26.0,2.0,北,1.0,https://boatraceraid.jp/exhibition/?opdt=2026-09-20&rcoursecd=06&rno=04
20260920,浜名湖,4,3,4327,加藤 翔,B1,6.84,38.1,5.63,8.2,3.0,0.24,0.0,,,曇り,27.0,26.0,2.0,北,1.0,https://boatraceraid.jp/exhibition/?opdt=2026-09-20&rcoursecd=06&rno=04
20260920,浜名湖,4,4,5083,柳瀬 幹太,B1,6.81,37.77,5.53,8.13,4.0,0.28,0.0,,,曇り,27.0,26.0,2.0,北,1.0,https://boatraceraid.jp/exhibition/?opdt=2026-09-20&rcoursecd=06&rno=04
20260920,浜名湖,4,5,3475,橋本 久和,B1,6.86,37.8,5.2,8.17,5.0,0.32,0.0,,,曇り,27.0,26.0,2.0,北,1.0,https://boatraceraid.jp/exhibition/?opdt=2026-09-20&rcoursecd=06&rno=04
20260920,浜名湖,4,6,5400,高村 諒,B2,6.81,37.88,5.45,8.08,6.0,0.22,0.0,,,曇り,27.0,26.0,2.0,北,1.0,https://boatraceraid.jp/exhibition/?opdt=2026-09-20&rcoursecd=06&rno=04
20260920,浜名湖,5,1,5046,松山 裕基,B1,6.76,37.48,5.49,8.22,1.0,0.26,0.0,,,曇り,27.0,26.0,3.0,北西,2.0,https://boatraceraid.jp/exhibition/?opdt=2026-09-20&rcoursecd=06&rno=05
20260920,浜名湖,5,2,3910,松下 知幸,B1,6.79,38.11,5.29,8.17,2.0,0.18,0.0,,,曇り,27.0,26.0,3.0,北西,2.0,https://boatraceraid.jp/exhibition/?opdt=2026-09-20&rcoursecd=06&rno=05
20260920,浜名湖,5,3,4196,田中 太一郎,B1,6.75,38.26,5.72,8.02,3.0,-0.06,0.0,,,曇り,27.0,26.0,3.0,北西,2.0,https://boatraceraid.jp/exhibition/?opdt=2026-09-20&rcoursecd=06&rno=05
20260920,浜名湖,5,4,4661,中島 昂章,A2,6.88,37.6,5.3,8.14,4.0,-0.09,0.0,,,曇り,27.0,26.0,3.0,北西,2.0,https://boatraceraid.jp/exhibition/?opdt=2026-09-20&rcoursecd=06&rno=05
20260920,浜名湖,5,5,4044,湯川 浩司,A1,6.8,37.91,5.4,8.12,5.0,-0.07,0.0,,,曇り,27.0,26.0,3.0,北西,2.0,https://boatraceraid.jp/exhibition/?opdt=2026-09-20&rcoursecd=06&rno=05
20260920,浜名湖,5,6,5371,早川 颯太,B2,6.78,38.08,5.46,8.19,6.0,-0.09,-0.5,,,曇り,27.0,26.0,3.0,北西,2.0,https://boatraceraid.jp/exhibition/?opdt=2026-09-20&rcoursecd=06&rno=05
20260920,浜名湖,6,1,3711,江本 真治,A2,6.75,38.07,5.25,8.32,1.0,0.21,0.0,,,曇り,27.0,26.0,1.0,北西,1.0,https://boatraceraid.jp/exhibition/?opdt=2026-09-20&rcoursecd=06&rno=06
20260920,浜名湖,6,2,4919,吉田 翔悟,B1,6.74,37.54,5.34,8.21,2.0,0.07,0.0,,,曇り,27.0,26.0,1.0,北西,1.0,https://boatraceraid.jp/exhibition/?opdt=2026-09-20&rcoursecd=06&rno=06
20260920,浜名湖,6,3,4302,西野 翔太,A1,6.72,38.12,5.58,8.2,3.0,0.07,-0.5,,,曇り,27.0,26.0,1.0,北西,1.0,https://boatraceraid.jp/exhibition/?opdt=2026-09-20&rcoursecd=06&rno=06
20260920,浜名湖,6,4,3655,本橋 克洋,B1,6.83,38.39,5.58,8.15,4.0,0.11,0.0,,,曇り,27.0,26.0,1.0,北西,1.0,https://boatraceraid.jp/exhibition/?opdt=2026-09-20&rcoursecd=06&rno=06
20260920,浜名湖,6,5,4428,有賀 達也,A2,6.73,37.78,5.37,8.04,5.0,0.11,0.0,,,曇り,27.0,26.0,1.0,北西,1.0,https://boatraceraid.jp/exhibition/?opdt=2026-09-20&rcoursecd=06&rno=06
20260920,浜名湖,6,6,4143,浦田 晃嗣,B1,6.78,38.2,5.69,8.04,6.0,0.17,0.0,,,曇り,27.0,26.0,1.0,北西,1.0,https://boatraceraid.jp/exhibition/?opdt=2026-09-20&rcoursecd=06&rno=06
20260920,浜名湖,7,1,3989,熊本 英一,B1,6.75,38.02,5.34,8.24,1.0,0.09,0.0,,,曇り,27.0,26.0,0.0,西,0.0,https://boatraceraid.jp/exhibition/?opdt=2026-09-20&rcoursecd=06&rno=07
20260920,浜名湖,7,2,4570,前田 聖文,A1,6.75,37.54,5.31,8.16,2.0,0.02,0.0,,,曇り,27.0,26.0,0.0,西,0.0,https://boatraceraid.jp/exhibition/?opdt=2026-09-20&rcoursecd=06&rno=07
20260920,浜名湖,7,3,5379,廣部 大明,B1,6.78,37.96,5.63,8.24,3.0,0.06,0.0,,,曇り,27.0,26.0,0.0,西,0.0,https://boatraceraid.jp/exhibition/?opdt=2026-09-20&rcoursecd=06&rno=07
20260920,浜名湖,7,4,4352,下條 雄太郎,A1,6.78,37.85,5.23,8.12,4.0,0.06,0.0,,,曇り,27.0,26.0,0.0,西,0.0,https://boatraceraid.jp/exhibition/?opdt=2026-09-20&rcoursecd=06&rno=07
20260920,浜名湖,7,5,5299,西丸 敦基,A2,6.79,37.8,5.32,8.26,5.0,0.17,0.0,,,曇り,27.0,26.0,0.0,西,0.0,https://boatraceraid.jp/exhibition/?opdt=2026-09-20&rcoursecd=06&rno=07
20260920,浜名湖,7,6,5348,小林 甘寧,B1,6.72,37.39,5.4,8.21,6.0,-0.02,-0.5,,,曇り,27.0,26.0,0.0,西,0.0,https://boatraceraid.jp/exhibition/?opdt=2026-09-20&rcoursecd=06&rno=07
20260920,浜名湖,8,1,4227,安達 裕樹,A2,6.73,37.84,5.12,8.38,1.0,0.06,0.0,,,曇り,27.0,26.0,3.0,南東,2.0,https://boatraceraid.jp/exhibition/?opdt=2026-09-20&rcoursecd=06&rno=08
20260920,浜名湖,8,2,4945,上村 宏太,B1,6.71,38.24,5.33,8.24,2.0,0.01,0.0,,,曇り,27.0,26.0,3.0,南東,2.0,https://boatraceraid.jp/exhibition/?opdt=2026-09-20&rcoursecd=06&rno=08
20260920,浜名湖,8,3,4992,廣瀬 篤哉,B1,6.75,38.09,5.32,8.21,3.0,-0.02,0.0,,,曇り,27.0,26.0,3.0,南東,2.0,https://boatraceraid.jp/exhibition/?opdt=2026-09-20&rcoursecd=06&rno=08
20260920,浜名湖,8,4,4189,川上 剛,A1,6.78,38.72,5.58,8.29,4.0,0.11,-0.5,,,曇り,27.0,26.0,3.0,南東,2.0,https://boatraceraid.jp/exhibition/?opdt=2026-09-20&rcoursecd=06&rno=08
20260920,浜名湖,8,5,3294,野中 義生,B1,6.67,37.56,5.46,8.2,5.0,0.09,0.0,,,曇り,27.0,26.0,3.0,南東,2.0,https://boatraceraid.jp/exhibition/?opdt=2026-09-20&rcoursecd=06&rno=08
20260920,浜名湖,8,6,4753,森 照夫,B2,6.81,38.09,5.29,8.15,6.0,0.29,-0.5,,,曇り,27.0,26.0,3.0,南東,2.0,https://boatraceraid.jp/exhibition/?opdt=2026-09-20&rcoursecd=06&rno=08
20260920,浜名湖,9,1,4436,渋谷 明憲,A1,6.71,37.76,5.26,8.33,1.0,0.13,0.0,,,曇り,26.0,26.0,3.0,南東,2.0,https://boatraceraid.jp/exhibition/?opdt=2026-09-20&rcoursecd=06&rno=09
20260920,浜名湖,9,2,4128,川口 貴久,B1,6.74,38.56,5.33,8.54,2.0,0.11,-0.5,,,曇り,26.0,26.0,3.0,南東,2.0,https://boatraceraid.jp/exhibition/?opdt=2026-09-20&rcoursecd=06&rno=09
20260920,浜名湖,9,3,4518,大須賀 友,A1,6.66,37.45,5.08,8.34,3.0,-0.06,0.0,,,曇り,26.0,26.0,3.0,南東,2.0,https://boatraceraid.jp/exhibition/?opdt=2026-09-20&rcoursecd=06&rno=09
20260920,浜名湖,9,4,3613,角谷 健吾,A2,6.76,37.94,5.43,8.35,4.0,0.02,-0.5,,,曇り,26.0,26.0,3.0,南東,2.0,https://boatraceraid.jp/exhibition/?opdt=2026-09-20&rcoursecd=06&rno=09
20260920,浜名湖,9,5,4593,小坂 宗司,A2,6.71,38.28,5.31,8.1,5.0,0.02,0.0,,,曇り,26.0,26.0,3.0,南東,2.0,https://boatraceraid.jp/exhibition/?opdt=2026-09-20&rcoursecd=06&rno=09
20260920,浜名湖,9,6,4196,田中 太一郎,B1,6.69,38.69,5.24,7.94,6.0,0.01,0.0,,,曇り,26.0,26.0,3.0,南東,2.0,https://boatraceraid.jp/exhibition/?opdt=2026-09-20&rcoursecd=06&rno=09
20260920,浜名湖,10,1,3514,山一 鉄也,A2,6.73,37.28,5.18,8.16,1.0,0.06,0.0,,,雨,26.0,26.0,3.0,南東,2.0,https://boatraceraid.jp/exhibition/?opdt=2026-09-20&rcoursecd=06&rno=10
20260920,浜名湖,10,2,4049,荒川 健太,A2,6.8,37.93,5.24,8.3,2.0,0.17,0.0,,,雨,26.0,26.0,3.0,南東,2.0,https://boatraceraid.jp/exhibition/?opdt=2026-09-20&rcoursecd=06&rno=10
20260920,浜名湖,10,3,5400,高村 諒,B2,6.78,37.55,5.42,8.49,3.0,0.25,0.0,,,雨,26.0,26.0,3.0,南東,2.0,https://boatraceraid.jp/exhibition/?opdt=2026-09-20&rcoursecd=06&rno=10
20260920,浜名湖,10,4,4044,湯川 浩司,A1,6.78,37.51,5.36,8.1,4.0,0.18,0.0,,,雨,26.0,26.0,3.0,南東,2.0,https://boatraceraid.jp/exhibition/?opdt=2026-09-20&rcoursecd=06&rno=10
20260920,浜名湖,10,5,4151,下河 誉史,B1,6.74,38.0,5.63,8.22,5.0,0.2,-0.5,,,雨,26.0,26.0,3.0,南東,2.0,https://boatraceraid.jp/exhibition/?opdt=2026-09-20&rcoursecd=06&rno=10
20260920,浜名湖,10,6,4140,梶野 学志,A2,6.87,38.12,5.33,8.27,6.0,0.01,0.0,,,雨,26.0,26.0,3.0,南東,2.0,https://boatraceraid.jp/exhibition/?opdt=2026-09-20&rcoursecd=06&rno=10
20260920,浜名湖,11,1,4302,西野 翔太,A1,6.71,37.94,5.2,8.23,1.0,0.0,-0.5,,,雨,25.0,26.0,1.0,東,1.0,https://boatraceraid.jp/exhibition/?opdt=2026-09-20&rcoursecd=06&rno=11
20260920,浜名湖,11,2,5368,宮崎 心之介,B1,6.75,37.5,5.39,8.17,2.0,0.19,0.0,,,雨,25.0,26.0,1.0,東,1.0,https://boatraceraid.jp/exhibition/?opdt=2026-09-20&rcoursecd=06&rno=11
20260920,浜名湖,11,3,5083,柳瀬 幹太,B1,6.76,37.31,5.27,8.23,3.0,0.29,0.0,,,雨,25.0,26.0,1.0,東,1.0,https://boatraceraid.jp/exhibition/?opdt=2026-09-20&rcoursecd=06&rno=11
20260920,浜名湖,11,4,4793,金子 萌,A2,6.81,37.6,5.5,8.17,4.0,0.06,0.0,,,雨,25.0,26.0,1.0,東,1.0,https://boatraceraid.jp/exhibition/?opdt=2026-09-20&rcoursecd=06&rno=11
20260920,浜名湖,11,5,4661,中島 昂章,A2,6.81,37.73,5.14,8.17,5.0,-0.06,0.0,,,雨,25.0,26.0,1.0,東,1.0,https://boatraceraid.jp/exhibition/?opdt=2026-09-20&rcoursecd=06&rno=11
20260920,浜名湖,11,6,4570,前田 聖文,A1,6.78,38.1,5.28,8.05,6.0,-0.02,0.0,,,雨,25.0,26.0,1.0,東,1.0,https://boatraceraid.jp/exhibition/?opdt=2026-09-20&rcoursecd=06&rno=11
20260920,浜名湖,12,1,4352,下條 雄太郎,A1,6.71,37.08,5.17,8.19,1.0,0.06,0.0,,,雨,24.0,26.0,2.0,東,1.0,https://boatraceraid.jp/exhibition/?opdt=2026-09-20&rcoursecd=06&rno=12
20260920,浜名湖,12,2,4428,有賀 達也,A2,6.7,37.18,5.24,8.24,2.0,0.13,-0.5,,,雨,24.0,26.0,2.0,東,1.0,https://boatraceraid.jp/exhibition/?opdt=2026-09-20&rcoursecd=06&rno=12
20260920,浜名湖,12,3,5007,近藤 雄一郎,B1,6.81,37.98,5.36,8.48,3.0,0.34,0.0,,,雨,24.0,26.0,2.0,東,1.0,https://boatraceraid.jp/exhibition/?opdt=2026-09-20&rcoursecd=06&rno=12
20260920,浜名湖,12,4,3475,橋本 久和,B1,6.72,37.7,5.34,8.32,4.0,0.08,0.0,,,雨,24.0,26.0,2.0,東,1.0,https://boatraceraid.jp/exhibition/?opdt=2026-09-20&rcoursecd=06&rno=12
20260920,浜名湖,12,5,4189,川上 剛,A1,6.82,38.54,5.53,8.15,5.0,0.12,-0.5,,,雨,24.0,26.0,2.0,東,1.0,https://boatraceraid.jp/exhibition/?opdt=2026-09-20&rcoursecd=06&rno=12
20260920,浜名湖,12,6,4460,後藤 翔之,A2,6.73,38.33,5.33,8.2,6.0,0.05,0.0,,,雨,24.0,26.0,2.0,東,1.0,https://boatraceraid.jp/exhibition/?opdt=2026-09-20&rcoursecd=06&rno=12
20260921,浜名湖,1,1,3655,本橋 克洋,B1,6.91,37.96,5.34,8.46,1.0,0.19,0.0,,,曇り,27.0,26.0,5.0,北,3.0,https://boatraceraid.jp/exhibition/?opdt=2026-09-21&rcoursecd=06&rno=01
20260921,浜名湖,1,2,4327,加藤 翔,B1,6.86,38.34,5.43,8.31,2.0,0.4,0.0,,,曇り,27.0,26.0,5.0,北,3.0,https://boatraceraid.jp/exhibition/?opdt=2026-09-21&rcoursecd=06&rno=01
20260921,浜名湖,1,3,5348,小林 甘寧,B1,6.86,37.6,5.45,8.25,3.0,0.43,0.0,,,曇り,27.0,26.0,5.0,北,3.0,https://boatraceraid.jp/exhibition/?opdt=2026-09-21&rcoursecd=06&rno=01
20260921,浜名湖,1,4,3711,江本 真治,A2,6.94,38.57,5.36,8.37,4.0,0.34,-0.5,,,曇り,27.0,26.0,5.0,北,3.0,https://boatraceraid.jp/exhibition/?opdt=2026-09-21&rcoursecd=06&rno=01
20260921,浜名湖,1,5,4227,安達 裕樹,A2,6.91,38.18,5.32,8.45,5.0,0.08,0.0,,,曇り,27.0,26.0,5.0,北,3.0,https://boatraceraid.jp/exhibition/?opdt=2026-09-21&rcoursecd=06&rno=01
20260921,浜名湖,1,6,5368,宮崎 心之介,B1,6.86,37.73,5.34,8.3,6.0,-0.06,0.0,,,曇り,27.0,26.0,5.0,北,3.0,https://boatraceraid.jp/exhibition/?opdt=2026-09-21&rcoursecd=06&rno=01
20260921,浜名湖,2,1,4945,上村 宏太,B1,6.81,38.11,5.28,8.37,1.0,0.16,0.0,,,曇り,27.0,26.0,5.0,北,3.0,https://boatraceraid.jp/exhibition/?opdt=2026-09-21&rcoursecd=06&rno=02
20260921,浜名湖,2,2,4302,西野 翔太,A1,6.86,38.41,5.4,8.27,2.0,0.16,-0.5,,,曇り,27.0,26.0,5.0,北,3.0,https://boatraceraid.jp/exhibition/?opdt=2026-09-21&rcoursecd=06&rno=02
20260921,浜名湖,2,3,3475,橋本 久和,B1,6.89,38.06,5.49,8.34,3.0,0.21,0.0,,,曇り,27.0,26.0,5.0,北,3.0,https://boatraceraid.jp/exhibition/?opdt=2026-09-21&rcoursecd=06&rno=02
20260921,浜名湖,2,4,4460,後藤 翔之,A2,6.86,38.22,5.45,8.37,4.0,0.37,0.0,,,曇り,27.0,26.0,5.0,北,3.0,https://boatraceraid.jp/exhibition/?opdt=2026-09-21&rcoursecd=06&rno=02
20260921,浜名湖,2,5,4919,吉田 翔悟,B1,6.81,37.95,5.64,8.29,5.0,0.2,0.0,,,曇り,27.0,26.0,5.0,北,3.0,https://boatraceraid.jp/exhibition/?opdt=2026-09-21&rcoursecd=06&rno=02
20260921,浜名湖,2,6,4793,金子 萌,A2,6.88,38.13,5.5,8.28,6.0,0.19,0.0,,,曇り,27.0,26.0,5.0,北,3.0,https://boatraceraid.jp/exhibition/?opdt=2026-09-21&rcoursecd=06&rno=02
20260921,浜名湖,3,1,5379,廣部 大明,B1,6.93,38.19,5.39,8.54,1.0,0.08,0.0,,,曇り,27.0,26.0,2.0,北,1.0,https://boatraceraid.jp/exhibition/?opdt=2026-09-21&rcoursecd=06&rno=03
20260921,浜名湖,3,2,4661,中島 昂章,A2,6.96,38.08,5.16,8.44,2.0,0.08,0.5,,,曇り,27.0,26.0,2.0,北,1.0,https://boatraceraid.jp/exhibition/?opdt=2026-09-21&rcoursecd=06&rno=03
20260921,浜名湖,3,3,4049,荒川 健太,A2,6.93,38.87,5.51,8.44,3.0,0.14,0.0,,,曇り,27.0,26.0,2.0,北,1.0,https://boatraceraid.jp/exhibition/?opdt=2026-09-21&rcoursecd=06&rno=03
20260921,浜名湖,3,4,4263,武重 雄介,B1,6.98,38.84,5.49,8.33,4.0,0.42,0.0,,,曇り,27.0,26.0,2.0,北,1.0,https://boatraceraid.jp/exhibition/?opdt=2026-09-21&rcoursecd=06&rno=03
20260921,浜名湖,3,5,3613,角谷 健吾,A2,6.94,39.0,5.62,8.46,5.0,-0.06,0.0,,,曇り,27.0,26.0,2.0,北,1.0,https://boatraceraid.jp/exhibition/?opdt=2026-09-21&rcoursecd=06&rno=03
20260921,浜名湖,3,6,3517,高橋 勲,B1,6.93,38.45,5.53,8.46,6.0,-0.06,0.0,,,曇り,27.0,26.0,2.0,北,1.0,https://boatraceraid.jp/exhibition/?opdt=2026-09-21&rcoursecd=06&rno=03
20260921,浜名湖,4,1,4436,渋谷 明憲,A1,6.87,37.81,5.34,8.36,1.0,0.04,0.0,,,曇り,27.0,26.0,2.0,北,1.0,https://boatraceraid.jp/exhibition/?opdt=2026-09-21&rcoursecd=06&rno=04
20260921,浜名湖,4,2,5007,近藤 雄一郎,B1,6.95,38.26,5.26,8.3,2.0,0.14,0.0,,,曇り,27.0,26.0,2.0,北,1.0,https://boatraceraid.jp/exhibition/?opdt=2026-09-21&rcoursecd=06&rno=04
20260921,浜名湖,4,3,4151,下河 誉史,B1,6.91,38.41,5.38,8.29,3.0,0.16,0.0,,,曇り,27.0,26.0,2.0,北,1.0,https://boatraceraid.jp/exhibition/?opdt=2026-09-21&rcoursecd=06&rno=04
20260921,浜名湖,4,4,3294,野中 義生,B1,6.89,38.23,5.39,8.28,4.0,0.16,0.0,,,曇り,27.0,26.0,2.0,北,1.0,https://boatraceraid.jp/exhibition/?opdt=2026-09-21&rcoursecd=06&rno=04
20260921,浜名湖,4,5,4143,浦田 晃嗣,B1,6.96,38.64,5.59,8.34,5.0,0.21,0.5,,,曇り,27.0,26.0,2.0,北,1.0,https://boatraceraid.jp/exhibition/?opdt=2026-09-21&rcoursecd=06&rno=04
20260921,浜名湖,4,6,5371,早川 颯太,B2,6.9,38.77,5.51,8.26,6.0,0.15,0.0,,,曇り,27.0,26.0,2.0,北,1.0,https://boatraceraid.jp/exhibition/?opdt=2026-09-21&rcoursecd=06&rno=04
20260921,浜名湖,5,1,4992,廣瀬 篤哉,B1,6.89,38.33,5.3,8.45,1.0,0.1,0.0,,,曇り,28.0,26.0,2.0,北,1.0,https://boatraceraid.jp/exhibition/?opdt=2026-09-21&rcoursecd=06&rno=05
20260921,浜名湖,5,2,5083,柳瀬 幹太,B1,6.93,38.09,5.24,8.43,2.0,0.09,0.0,,,曇り,28.0,26.0,2.0,北,1.0,https://boatraceraid.jp/exhibition/?opdt=2026-09-21&rcoursecd=06&rno=05
20260921,浜名湖,5,3,4352,下條 雄太郎,A1,6.86,38.06,5.51,8.2,3.0,0.09,0.5,,,曇り,28.0,26.0,2.0,北,1.0,https://boatraceraid.jp/exhibition/?opdt=2026-09-21&rcoursecd=06&rno=05
20260921,浜名湖,5,4,4570,前田 聖文,A1,6.91,38.56,5.45,8.14,4.0,0.19,0.0,,,曇り,28.0,26.0,2.0,北,1.0,https://boatraceraid.jp/exhibition/?opdt=2026-09-21&rcoursecd=06&rno=05
20260921,浜名湖,5,5,5400,高村 諒,B2,6.88,38.1,5.5,8.16,5.0,0.17,0.0,,,曇り,28.0,26.0,2.0,北,1.0,https://boatraceraid.jp/exhibition/?opdt=2026-09-21&rcoursecd=06&rno=05
20260921,浜名湖,5,6,3514,山一 鉄也,A2,6.89,38.13,5.3,8.25,6.0,0.21,0.0,,,曇り,28.0,26.0,2.0,北,1.0,https://boatraceraid.jp/exhibition/?opdt=2026-09-21&rcoursecd=06&rno=05
20260921,浜名湖,6,1,4196,田中 太一郎,B1,6.85,37.99,5.6,8.32,1.0,0.29,0.0,,,曇り,28.0,26.0,2.0,北,1.0,https://boatraceraid.jp/exhibition/?opdt=2026-09-21&rcoursecd=06&rno=06
20260921,浜名湖,6,2,4189,川上 剛,A1,6.91,38.85,5.61,8.46,2.0,0.25,0.0,,,曇り,28.0,26.0,2.0,北,1.0,https://boatraceraid.jp/exhibition/?opdt=2026-09-21&rcoursecd=06&rno=06
20260921,浜名湖,6,3,4593,小坂 宗司,A2,6.81,38.19,5.56,8.34,3.0,0.28,0.0,,,曇り,28.0,26.0,2.0,北,1.0,https://boatraceraid.jp/exhibition/?opdt=2026-09-21&rcoursecd=06&rno=06
20260921,浜名湖,6,4,4140,梶野 学志,A2,6.92,38.03,5.37,8.43,4.0,0.19,0.0,,,曇り,28.0,26.0,2.0,北,1.0,https://boatraceraid.jp/exhibition/?opdt=2026-09-21&rcoursecd=06&rno=06
20260921,浜名湖,6,5,5348,小林 甘寧,B1,6.86,37.91,5.32,8.32,5.0,0.17,0.0,,,曇り,28.0,26.0,2.0,北,1.0,https://boatraceraid.jp/exhibition/?opdt=2026-09-21&rcoursecd=06&rno=06
20260921,浜名湖,6,6,3475,橋本 久和,B1,6.9,38.19,5.74,8.26,6.0,0.32,0.0,,,曇り,28.0,26.0,2.0,北,1.0,https://boatraceraid.jp/exhibition/?opdt=2026-09-21&rcoursecd=06&rno=06
20260921,浜名湖,7,1,3910,松下 知幸,B1,6.89,38.19,5.34,8.38,1.0,0.22,0.0,,,曇り,27.0,26.0,2.0,北西,1.0,https://boatraceraid.jp/exhibition/?opdt=2026-09-21&rcoursecd=06&rno=07
20260921,浜名湖,7,2,3613,角谷 健吾,A2,6.86,37.94,5.44,8.42,2.0,0.15,0.0,,,曇り,27.0,26.0,2.0,北西,1.0,https://boatraceraid.jp/exhibition/?opdt=2026-09-21&rcoursecd=06&rno=07
20260921,浜名湖,7,3,3989,熊本 英一,B1,6.91,39.3,5.69,8.42,3.0,0.21,0.0,,,曇り,27.0,26.0,2.0,北西,1.0,https://boatraceraid.jp/exhibition/?opdt=2026-09-21&rcoursecd=06&rno=07
20260921,浜名湖,7,4,4753,森 照夫,B2,6.93,38.43,5.47,8.31,4.0,0.07,0.0,,,曇り,27.0,26.0,2.0,北西,1.0,https://boatraceraid.jp/exhibition/?opdt=2026-09-21&rcoursecd=06&rno=07
20260921,浜名湖,7,5,4044,湯川 浩司,A1,6.9,38.53,5.7,8.13,5.0,0.05,0.0,,,曇り,27.0,26.0,2.0,北西,1.0,https://boatraceraid.jp/exhibition/?opdt=2026-09-21&rcoursecd=06&rno=07
20260921,浜名湖,7,6,4561,藤山 翔大,A2,7.01,39.25,5.82,8.31,6.0,0.16,-0.5,,,曇り,27.0,26.0,2.0,北西,1.0,https://boatraceraid.jp/exhibition/?opdt=2026-09-21&rcoursecd=06&rno=07
20260921,浜名湖,8,1,5299,西丸 敦基,A2,6.91,38.25,5.37,8.43,1.0,-0.05,0.0,,,曇り,27.0,26.0,2.0,北西,1.0,https://boatraceraid.jp/exhibition/?opdt=2026-09-21&rcoursecd=06&rno=08
20260921,浜名湖,8,2,5379,廣部 大明,B1,6.86,38.82,5.66,8.47,2.0,0.09,0.0,,,曇り,27.0,26.0,2.0,北西,1.0,https://boatraceraid.jp/exhibition/?opdt=2026-09-21&rcoursecd=06&rno=08
20260921,浜名湖,8,3,5046,松山 裕基,B1,6.87,38.9,5.49,8.51,3.0,0.21,0.5,,,曇り,27.0,26.0,2.0,北西,1.0,https://boatraceraid.jp/exhibition/?opdt=2026-09-21&rcoursecd=06&rno=08
20260921,浜名湖,8,4,4518,大須賀 友,A1,6.79,38.23,5.49,8.39,4.0,0.09,0.0,,,曇り,27.0,26.0,2.0,北西,1.0,https://boatraceraid.jp/exhibition/?opdt=2026-09-21&rcoursecd=06&rno=08
20260921,浜名湖,8,5,3655,本橋 克洋,B1,6.97,38.69,5.52,8.39,5.0,0.06,0.0,,,曇り,27.0,26.0,2.0,北西,1.0,https://boatraceraid.jp/exhibition/?opdt=2026-09-21&rcoursecd=06&rno=08
20260921,浜名湖,8,6,3523,寳田 亮治,B1,6.89,38.88,5.36,8.31,6.0,0.06,0.5,,,曇り,27.0,26.0,2.0,北西,1.0,https://boatraceraid.jp/exhibition/?opdt=2026-09-21&rcoursecd=06&rno=08
20260921,浜名湖,9,1,4428,有賀 達也,A2,6.86,37.9,5.27,8.33,1.0,0.01,0.0,,,曇り,28.0,26.0,1.0,北西,1.0,https://boatraceraid.jp/exhibition/?opdt=2026-09-21&rcoursecd=06&rno=09
20260921,浜名湖,9,2,4570,前田 聖文,A1,6.91,38.69,5.38,8.29,2.0,0.29,0.0,,,曇り,28.0,26.0,1.0,北西,1.0,https://boatraceraid.jp/exhibition/?opdt=2026-09-21&rcoursecd=06&rno=09
20260921,浜名湖,9,3,5371,早川 颯太,B2,6.95,38.68,5.82,8.24,3.0,-0.05,0.0,,,曇り,28.0,26.0,1.0,北西,1.0,https://boatraceraid.jp/exhibition/?opdt=2026-09-21&rcoursecd=06&rno=09
20260921,浜名湖,9,4,3517,高橋 勲,B1,6.96,39.12,5.67,8.43,4.0,-0.06,0.0,,,曇り,28.0,26.0,1.0,北西,1.0,https://boatraceraid.jp/exhibition/?opdt=2026-09-21&rcoursecd=06&rno=09
20260921,浜名湖,9,5,4302,西野 翔太,A1,6.89,38.77,5.37,8.34,5.0,0.08,-0.5,,,曇り,28.0,26.0,1.0,北西,1.0,https://boatraceraid.jp/exhibition/?opdt=2026-09-21&rcoursecd=06&rno=09
20260921,浜名湖,9,6,4327,加藤 翔,B1,6.91,39.26,5.64,8.29,6.0,0.14,0.0,,,曇り,28.0,26.0,1.0,北西,1.0,https://boatraceraid.jp/exhibition/?opdt=2026-09-21&rcoursecd=06&rno=09
20260921,浜名湖,10,1,4140,梶野 学志,A2,6.98,37.97,5.61,8.44,1.0,-0.01,0.0,,,曇り,28.0,26.0,1.0,北,1.0,https://boatraceraid.jp/exhibition/?opdt=2026-09-21&rcoursecd=06&rno=10
20260921,浜名湖,10,2,4227,安達 裕樹,A2,6.88,38.31,5.41,8.48,2.0,0.09,0.0,,,曇り,28.0,26.0,1.0,北,1.0,https://boatraceraid.jp/exhibition/?opdt=2026-09-21&rcoursecd=06&rno=10
20260921,浜名湖,10,3,4661,中島 昂章,A2,6.9,38.0,5.25,8.3,3.0,0.14,0.5,,,曇り,28.0,26.0,1.0,北,1.0,https://boatraceraid.jp/exhibition/?opdt=2026-09-21&rcoursecd=06&rno=10
20260921,浜名湖,10,4,4945,上村 宏太,B1,6.83,38.51,5.34,8.49,4.0,0.13,0.0,,,曇り,28.0,26.0,1.0,北,1.0,https://boatraceraid.jp/exhibition/?opdt=2026-09-21&rcoursecd=06&rno=10
20260921,浜名湖,10,5,4352,下條 雄太郎,A1,6.81,38.06,5.38,8.29,5.0,0.14,0.5,,,曇り,28.0,26.0,1.0,北,1.0,https://boatraceraid.jp/exhibition/?opdt=2026-09-21&rcoursecd=06&rno=10
20260921,浜名湖,10,6,5007,近藤 雄一郎,B1,6.96,38.25,5.35,8.49,6.0,0.07,0.0,,,曇り,28.0,26.0,1.0,北,1.0,https://boatraceraid.jp/exhibition/?opdt=2026-09-21&rcoursecd=06&rno=10
20260921,浜名湖,11,1,4189,川上 剛,A1,6.87,37.93,5.46,8.58,1.0,0.18,0.0,,,曇り,29.0,26.0,1.0,北西,1.0,https://boatraceraid.jp/exhibition/?opdt=2026-09-21&rcoursecd=06&rno=11
20260921,浜名湖,11,2,4793,金子 萌,A2,6.93,37.94,5.5,8.32,2.0,0.08,0.0,,,曇り,29.0,26.0,1.0,北西,1.0,https://boatraceraid.jp/exhibition/?opdt=2026-09-21&rcoursecd=06&rno=11
20260921,浜名湖,11,3,4436,渋谷 明憲,A1,6.82,38.19,5.35,8.38,3.0,0.02,0.0,,,曇り,29.0,26.0,1.0,北西,1.0,https://boatraceraid.jp/exhibition/?opdt=2026-09-21&rcoursecd=06&rno=11
20260921,浜名湖,11,4,4128,川口 貴久,B1,6.9,39.13,5.73,8.43,4.0,-0.04,0.0,,,曇り,29.0,26.0,1.0,北西,1.0,https://boatraceraid.jp/exhibition/?opdt=2026-09-21&rcoursecd=06&rno=11
20260921,浜名湖,11,5,4263,武重 雄介,B1,6.94,38.82,5.49,8.36,5.0,0.02,0.0,,,曇り,29.0,26.0,1.0,北西,1.0,https://boatraceraid.jp/exhibition/?opdt=2026-09-21&rcoursecd=06&rno=11
20260921,浜名湖,11,6,3711,江本 真治,A2,6.95,38.74,5.3,8.32,6.0,0.11,0.5,,,曇り,29.0,26.0,1.0,北西,1.0,https://boatraceraid.jp/exhibition/?opdt=2026-09-21&rcoursecd=06&rno=11
20260921,浜名湖,12,1,4518,大須賀 友,A1,6.83,38.05,5.39,8.47,1.0,-0.01,0.0,,,曇り,29.0,26.0,1.0,北,1.0,https://boatraceraid.jp/exhibition/?opdt=2026-09-21&rcoursecd=06&rno=12
20260921,浜名湖,12,2,4143,浦田 晃嗣,B1,6.94,38.64,5.59,8.36,2.0,0.11,0.0,,,曇り,29.0,26.0,1.0,北,1.0,https://boatraceraid.jp/exhibition/?opdt=2026-09-21&rcoursecd=06&rno=12
20260921,浜名湖,12,3,4044,湯川 浩司,A1,6.92,38.06,5.42,8.26,3.0,0.02,0.0,,,曇り,29.0,26.0,1.0,北,1.0,https://boatraceraid.jp/exhibition/?opdt=2026-09-21&rcoursecd=06&rno=12
20260921,浜名湖,12,4,4593,小坂 宗司,A2,6.84,38.12,5.55,8.27,4.0,0.16,0.5,,,曇り,29.0,26.0,1.0,北,1.0,https://boatraceraid.jp/exhibition/?opdt=2026-09-21&rcoursecd=06&rno=12
20260921,浜名湖,12,5,3514,山一 鉄也,A2,6.92,38.28,5.35,8.27,5.0,0.09,0.0,,,曇り,29.0,26.0,1.0,北,1.0,https://boatraceraid.jp/exhibition/?opdt=2026-09-21&rcoursecd=06&rno=12
20260921,浜名湖,12,6,4919,吉田 翔悟,B1,6.86,38.23,5.41,8.39,6.0,0.03,0.5,,,曇り,29.0,26.0,1.0,北,1.0,https://boatraceraid.jp/exhibition/?opdt=2026-09-21&rcoursecd=06&rno=12
20260922,浜名湖,1,1,3523,寳田 亮治,B1,6.8,37.61,5.29,8.28,1.0,0.1,0.0,,,晴,28.0,26.0,4.0,北西,2.0,https://boatraceraid.jp/exhibition/?opdt=2026-09-22&rcoursecd=06&rno=01
20260922,浜名湖,1,2,4196,田中 太一郎,B1,6.81,38.76,5.36,8.26,2.0,0.01,0.0,,,晴,28.0,26.0,4.0,北西,2.0,https://boatraceraid.jp/exhibition/?opdt=2026-09-22&rcoursecd=06&rno=01
20260922,浜名湖,1,3,4436,渋谷 明憲,A1,6.81,38.07,5.3,8.25,3.0,0.21,0.0,,,晴,28.0,26.0,4.0,北西,2.0,https://boatraceraid.jp/exhibition/?opdt=2026-09-22&rcoursecd=06&rno=01
20260922,浜名湖,1,4,4151,下河 誉史,B1,6.89,38.05,5.38,8.16,4.0,-0.08,-0.5,,,晴,28.0,26.0,4.0,北西,2.0,https://boatraceraid.jp/exhibition/?opdt=2026-09-22&rcoursecd=06&rno=01
20260922,浜名湖,1,5,4049,荒川 健太,A2,6.88,38.26,5.54,8.22,5.0,-0.01,0.0,,,晴,28.0,26.0,4.0,北西,2.0,https://boatraceraid.jp/exhibition/?opdt=2026-09-22&rcoursecd=06&rno=01
20260922,浜名湖,1,6,5046,松山 裕基,B1,6.8,38.39,5.69,8.25,6.0,0.11,0.0,,,晴,28.0,26.0,4.0,北西,2.0,https://boatraceraid.jp/exhibition/?opdt=2026-09-22&rcoursecd=06&rno=01
20260922,浜名湖,2,1,5400,高村 諒,B2,6.78,37.62,5.4,8.1,1.0,-0.04,0.0,,,晴,28.0,26.0,4.0,北西,2.0,https://boatraceraid.jp/exhibition/?opdt=2026-09-22&rcoursecd=06&rno=02
20260922,浜名湖,2,2,3711,江本 真治,A2,6.84,37.83,5.27,8.31,2.0,0.09,-0.5,,,晴,28.0,26.0,4.0,北西,2.0,https://boatraceraid.jp/exhibition/?opdt=2026-09-22&rcoursecd=06&rno=02
20260922,浜名湖,2,3,4128,川口 貴久,B1,6.83,38.24,5.55,8.23,3.0,0.04,-0.5,,,晴,28.0,26.0,4.0,北西,2.0,https://boatraceraid.jp/exhibition/?opdt=2026-09-22&rcoursecd=06&rno=02
20260922,浜名湖,2,4,4992,廣瀬 篤哉,B1,6.81,38.15,5.45,8.27,4.0,-0.04,0.0,,,晴,28.0,26.0,4.0,北西,2.0,https://boatraceraid.jp/exhibition/?opdt=2026-09-22&rcoursecd=06&rno=02
20260922,浜名湖,2,5,4753,森 照夫,B2,6.89,38.14,5.38,8.24,5.0,-0.07,0.0,,,晴,28.0,26.0,4.0,北西,2.0,https://boatraceraid.jp/exhibition/?opdt=2026-09-22&rcoursecd=06&rno=02
20260922,浜名湖,2,6,4518,大須賀 友,A1,6.73,37.47,5.34,8.09,6.0,0.02,0.0,,,晴,28.0,26.0,4.0,北西,2.0,https://boatraceraid.jp/exhibition/?opdt=2026-09-22&rcoursecd=06&rno=02
20260922,浜名湖,3,1,4263,武重 雄介,B1,6.82,37.49,5.3,8.14,1.0,0.07,0.0,,,晴,30.0,27.0,3.0,北西,1.0,https://boatraceraid.jp/exhibition/?opdt=2026-09-22&rcoursecd=06&rno=03
20260922,浜名湖,3,2,4661,中島 昂章,A2,6.8,37.36,5.17,8.18,2.0,0.17,-0.5,,,晴,30.0,27.0,3.0,北西,1.0,https://boatraceraid.jp/exhibition/?opdt=2026-09-22&rcoursecd=06&rno=03
20260922,浜名湖,3,3,4570,前田 聖文,A1,6.75,37.95,5.25,8.18,3.0,0.19,0.0,,,晴,30.0,27.0,3.0,北西,1.0,https://boatraceraid.jp/exhibition/?opdt=2026-09-22&rcoursecd=06&rno=03
20260922,浜名湖,3,4,4460,後藤 翔之,A2,6.75,37.85,5.37,8.26,4.0,0.04,-0.5,,,晴,30.0,27.0,3.0,北西,1.0,https://boatraceraid.jp/exhibition/?opdt=2026-09-22&rcoursecd=06&rno=03
20260922,浜名湖,3,5,3910,松下 知幸,B1,6.81,38.23,5.24,8.08,5.0,0.08,-0.5,,,晴,30.0,27.0,3.0,北西,1.0,https://boatraceraid.jp/exhibition/?opdt=2026-09-22&rcoursecd=06&rno=03
20260922,浜名湖,3,6,4561,藤山 翔大,A2,6.82,38.69,5.6,8.12,6.0,0.11,-0.5,,,晴,30.0,27.0,3.0,北西,1.0,https://boatraceraid.jp/exhibition/?opdt=2026-09-22&rcoursecd=06&rno=03
20260922,浜名湖,4,1,4302,西野 翔太,A1,6.75,37.97,5.24,8.21,1.0,0.12,-0.5,,,晴,31.0,27.0,3.0,北西,1.0,https://boatraceraid.jp/exhibition/?opdt=2026-09-22&rcoursecd=06&rno=04
20260922,浜名湖,4,2,3294,野中 義生,B1,6.73,37.13,5.27,8.18,2.0,0.15,0.0,,,晴,31.0,27.0,3.0,北西,1.0,https://boatraceraid.jp/exhibition/?opdt=2026-09-22&rcoursecd=06&rno=04
20260922,浜名湖,4,3,3655,本橋 克洋,B1,6.78,38.15,5.24,8.07,3.0,0.31,0.0,,,晴,31.0,27.0,3.0,北西,1.0,https://boatraceraid.jp/exhibition/?opdt=2026-09-22&rcoursecd=06&rno=04
20260922,浜名湖,4,4,4327,加藤 翔,B1,6.78,38.29,5.63,8.03,4.0,0.02,0.0,,,晴,31.0,27.0,3.0,北西,1.0,https://boatraceraid.jp/exhibition/?opdt=2026-09-22&rcoursecd=06&rno=04
20260922,浜名湖,4,5,5083,柳瀬 幹太,B1,6.78,37.69,5.48,8.11,5.0,0.05,-0.5,,,晴,31.0,27.0,3.0,北西,1.0,https://boatraceraid.jp/exhibition/?opdt=2026-09-22&rcoursecd=06&rno=04
20260922,浜名湖,4,6,3989,熊本 英一,B1,6.83,38.89,5.71,8.06,6.0,0.14,0.0,,,晴,31.0,27.0,3.0,北西,1.0,https://boatraceraid.jp/exhibition/?opdt=2026-09-22&rcoursecd=06&rno=04
20260922,浜名湖,5,1,4143,浦田 晃嗣,B1,6.79,38.09,5.45,8.25,1.0,-0.05,0.0,,,晴,31.0,27.0,2.0,北西,1.0,https://boatraceraid.jp/exhibition/?opdt=2026-09-22&rcoursecd=06&rno=05
20260922,浜名湖,5,2,3517,高橋 勲,B1,6.81,37.73,5.51,8.33,2.0,0.01,-0.5,,,晴,31.0,27.0,2.0,北西,1.0,https://boatraceraid.jp/exhibition/?opdt=2026-09-22&rcoursecd=06&rno=05
20260922,浜名湖,5,3,5299,西丸 敦基,A2,6.82,37.54,5.15,8.16,3.0,0.16,0.0,,,晴,31.0,27.0,2.0,北西,1.0,https://boatraceraid.jp/exhibition/?opdt=2026-09-22&rcoursecd=06&rno=05
20260922,浜名湖,5,4,4196,田中 太一郎,B1,6.76,38.63,5.72,8.07,4.0,0.05,0.0,,,晴,31.0,27.0,2.0,北西,1.0,https://boatraceraid.jp/exhibition/?opdt=2026-09-22&rcoursecd=06&rno=05
20260922,浜名湖,5,5,4793,金子 萌,A2,6.79,37.57,5.43,8.16,5.0,0.05,0.0,,,晴,31.0,27.0,2.0,北西,1.0,https://boatraceraid.jp/exhibition/?opdt=2026-09-22&rcoursecd=06&rno=05
20260922,浜名湖,5,6,4189,川上 剛,A1,6.75,38.55,5.41,8.15,6.0,0.09,-0.5,,,晴,31.0,27.0,2.0,北西,1.0,https://boatraceraid.jp/exhibition/?opdt=2026-09-22&rcoursecd=06&rno=05
20260922,浜名湖,6,1,4593,小坂 宗司,A2,6.67,37.16,5.3,8.18,1.0,0.01,-0.5,,,晴,31.0,27.0,2.0,北西,1.0,https://boatraceraid.jp/exhibition/?opdt=2026-09-22&rcoursecd=06&rno=06
20260922,浜名湖,6,2,5046,松山 裕基,B1,6.7,37.8,5.36,8.3,2.0,0.18,0.0,,,晴,31.0,27.0,2.0,北西,1.0,https://boatraceraid.jp/exhibition/?opdt=2026-09-22&rcoursecd=06&rno=06
20260922,浜名湖,6,3,3613,角谷 健吾,A2,6.79,37.86,5.28,8.28,3.0,0.08,-0.5,,,晴,31.0,27.0,2.0,北西,1.0,https://boatraceraid.jp/exhibition/?opdt=2026-09-22&rcoursecd=06&rno=06
20260922,浜名湖,6,4,4352,下條 雄太郎,A1,6.74,37.55,5.22,7.97,4.0,0.16,0.0,,,晴,31.0,27.0,2.0,北西,1.0,https://boatraceraid.jp/exhibition/?opdt=2026-09-22&rcoursecd=06&rno=06
20260922,浜名湖,6,5,4945,上村 宏太,B1,6.7,37.36,5.35,8.21,5.0,0.12,0.0,,,晴,31.0,27.0,2.0,北西,1.0,https://boatraceraid.jp/exhibition/?opdt=2026-09-22&rcoursecd=06&rno=06
20260922,浜名湖,6,6,4992,廣瀬 篤哉,B1,6.73,38.08,5.43,8.08,6.0,0.04,0.0,,,晴,31.0,27.0,2.0,北西,1.0,https://boatraceraid.jp/exhibition/?opdt=2026-09-22&rcoursecd=06&rno=06
20260922,浜名湖,7,1,4151,下河 誉史,B1,6.76,37.62,5.19,8.09,1.0,0.01,-0.5,,,晴,32.0,27.0,2.0,北西,1.0,https://boatraceraid.jp/exhibition/?opdt=2026-09-22&rcoursecd=06&rno=07
20260922,浜名湖,7,2,3514,山一 鉄也,A2,6.7,37.55,5.07,8.14,2.0,0.16,0.0,,,晴,32.0,27.0,2.0,北西,1.0,https://boatraceraid.jp/exhibition/?opdt=2026-09-22&rcoursecd=06&rno=07
20260922,浜名湖,7,3,4518,大須賀 友,A1,6.66,37.66,5.11,8.11,3.0,0.01,0.0,,,晴,32.0,27.0,2.0,北西,1.0,https://boatraceraid.jp/exhibition/?opdt=2026-09-22&rcoursecd=06&rno=07
20260922,浜名湖,7,4,5368,宮崎 心之介,B1,6.73,37.61,5.28,8.2,4.0,0.05,0.0,,,晴,32.0,27.0,2.0,北西,1.0,https://boatraceraid.jp/exhibition/?opdt=2026-09-22&rcoursecd=06&rno=07
20260922,浜名湖,7,5,5007,近藤 雄一郎,B1,6.88,38.14,5.68,8.12,5.0,0.05,0.0,,,晴,32.0,27.0,2.0,北西,1.0,https://boatraceraid.jp/exhibition/?opdt=2026-09-22&rcoursecd=06&rno=07
20260922,浜名湖,7,6,4561,藤山 翔大,A2,6.84,38.55,5.76,8.12,6.0,0.07,-0.5,,,晴,32.0,27.0,2.0,北西,1.0,https://boatraceraid.jp/exhibition/?opdt=2026-09-22&rcoursecd=06&rno=07
20260922,浜名湖,8,1,4460,後藤 翔之,A2,6.69,37.07,5.16,8.16,1.0,0.03,0.0,,,晴,32.0,27.0,2.0,西,1.0,https://boatraceraid.jp/exhibition/?opdt=2026-09-22&rcoursecd=06&rno=08
20260922,浜名湖,8,2,4753,森 照夫,B2,6.78,37.97,5.23,8.19,2.0,0.22,0.0,,,晴,32.0,27.0,2.0,西,1.0,https://boatraceraid.jp/exhibition/?opdt=2026-09-22&rcoursecd=06&rno=08
20260922,浜名湖,8,3,3523,寳田 亮治,B1,6.75,38.04,5.3,8.08,3.0,0.0,0.0,,,晴,32.0,27.0,2.0,西,1.0,https://boatraceraid.jp/exhibition/?opdt=2026-09-22&rcoursecd=06&rno=08
20260922,浜名湖,8,4,4044,湯川 浩司,A1,6.73,37.77,5.37,8.1,4.0,0.02,0.0,,,晴,32.0,27.0,2.0,西,1.0,https://boatraceraid.jp/exhibition/?opdt=2026-09-22&rcoursecd=06&rno=08
20260922,浜名湖,8,5,5371,早川 颯太,B2,6.75,38.02,5.56,8.23,5.0,0.2,0.0,,,晴,32.0,27.0,2.0,西,1.0,https://boatraceraid.jp/exhibition/?opdt=2026-09-22&rcoursecd=06&rno=08
20260922,浜名湖,8,6,3294,野中 義生,B1,6.68,37.26,5.45,8.12,6.0,0.08,0.0,,,晴,32.0,27.0,2.0,西,1.0,https://boatraceraid.jp/exhibition/?opdt=2026-09-22&rcoursecd=06&rno=08
20260922,浜名湖,9,1,3475,橋本 久和,B1,6.67,37.34,5.14,8.13,1.0,0.2,0.0,,,晴,30.0,27.0,3.0,南,1.0,https://boatraceraid.jp/exhibition/?opdt=2026-09-22&rcoursecd=06&rno=09
20260922,浜名湖,9,2,4436,渋谷 明憲,A1,6.69,37.27,5.53,7.92,2.0,0.27,0.0,,,晴,30.0,27.0,3.0,南,1.0,https://boatraceraid.jp/exhibition/?opdt=2026-09-22&rcoursecd=06&rno=09
20260922,浜名湖,9,3,4140,梶野 学志,A2,6.78,37.78,5.33,8.14,3.0,0.04,0.0,,,晴,30.0,27.0,3.0,南,1.0,https://boatraceraid.jp/exhibition/?opdt=2026-09-22&rcoursecd=06&rno=09
20260922,浜名湖,9,4,5400,高村 諒,B2,6.71,38.0,5.49,8.04,4.0,0.1,0.0,,,晴,30.0,27.0,3.0,南,1.0,https://boatraceraid.jp/exhibition/?opdt=2026-09-22&rcoursecd=06&rno=09
20260922,浜名湖,9,5,4570,前田 聖文,A1,6.72,38.18,5.36,8.02,5.0,0.09,0.0,,,晴,30.0,27.0,3.0,南,1.0,https://boatraceraid.jp/exhibition/?opdt=2026-09-22&rcoursecd=06&rno=09
20260922,浜名湖,9,6,5379,廣部 大明,B1,6.72,38.68,5.4,8.11,6.0,0.22,0.0,,,晴,30.0,27.0,3.0,南,1.0,https://boatraceraid.jp/exhibition/?opdt=2026-09-22&rcoursecd=06&rno=09
20260922,浜名湖,10,1,4049,荒川 健太,A2,6.7,37.84,5.46,8.21,1.0,0.01,-0.5,,,晴,30.0,27.0,3.0,南,1.0,https://boatraceraid.jp/exhibition/?opdt=2026-09-22&rcoursecd=06&rno=10
20260922,浜名湖,10,2,3989,熊本 英一,B1,6.76,38.46,5.5,8.18,2.0,0.28,-0.5,,,晴,30.0,27.0,3.0,南,1.0,https://boatraceraid.jp/exhibition/?opdt=2026-09-22&rcoursecd=06&rno=10
20260922,浜名湖,10,3,4189,川上 剛,A1,6.74,38.17,5.33,8.15,3.0,0.02,-0.5,,,晴,30.0,27.0,3.0,南,1.0,https://boatraceraid.jp/exhibition/?opdt=2026-09-22&rcoursecd=06&rno=10
20260922,浜名湖,10,4,5348,小林 甘寧,B1,6.69,37.95,5.17,7.95,4.0,0.02,0.0,,,晴,30.0,27.0,3.0,南,1.0,https://boatraceraid.jp/exhibition/?opdt=2026-09-22&rcoursecd=06&rno=10
20260922,浜名湖,10,5,3910,松下 知幸,B1,6.75,38.32,5.39,8.04,5.0,0.09,0.0,,,晴,30.0,27.0,3.0,南,1.0,https://boatraceraid.jp/exhibition/?opdt=2026-09-22&rcoursecd=06&rno=10
20260922,浜名湖,10,6,4227,安達 裕樹,A2,6.69,37.87,5.23,7.99,6.0,0.06,0.0,,,晴,30.0,27.0,3.0,南,1.0,https://boatraceraid.jp/exhibition/?opdt=2026-09-22&rcoursecd=06&rno=10
20260922,浜名湖,11,1,4352,下條 雄太郎,A1,6.67,37.33,5.18,8.2,1.0,0.07,0.0,,,晴,29.0,27.0,3.0,南,1.0,https://boatraceraid.jp/exhibition/?opdt=2026-09-22&rcoursecd=06&rno=11
20260922,浜名湖,11,2,4793,金子 萌,A2,6.68,37.29,5.59,7.98,2.0,0.12,0.0,,,晴,29.0,27.0,3.0,南,1.0,https://boatraceraid.jp/exhibition/?opdt=2026-09-22&rcoursecd=06&rno=11
20260922,浜名湖,11,3,4919,吉田 翔悟,B1,6.71,37.81,5.29,8.0,3.0,0.31,0.0,,,晴,29.0,27.0,3.0,南,1.0,https://boatraceraid.jp/exhibition/?opdt=2026-09-22&rcoursecd=06&rno=11
20260922,浜名湖,11,4,4428,有賀 達也,A2,6.68,38.27,5.5,8.03,4.0,0.04,-0.5,,,晴,29.0,27.0,3.0,南,1.0,https://boatraceraid.jp/exhibition/?opdt=2026-09-22&rcoursecd=06&rno=11
20260922,浜名湖,11,5,5083,柳瀬 幹太,B1,6.68,37.82,5.42,8.11,5.0,0.17,-0.5,,,晴,29.0,27.0,3.0,南,1.0,https://boatraceraid.jp/exhibition/?opdt=2026-09-22&rcoursecd=06&rno=11
20260922,浜名湖,11,6,4661,中島 昂章,A2,6.75,37.73,5.26,8.06,6.0,0.02,-0.5,,,晴,29.0,27.0,3.0,南,1.0,https://boatraceraid.jp/exhibition/?opdt=2026-09-22&rcoursecd=06&rno=11
20260922,浜名湖,12,1,4044,湯川 浩司,A1,6.69,37.38,5.28,8.15,1.0,-0.11,0.0,,,晴,29.0,27.0,3.0,南,1.0,https://boatraceraid.jp/exhibition/?opdt=2026-09-22&rcoursecd=06&rno=12
20260922,浜名湖,12,2,3613,角谷 健吾,A2,6.69,37.85,5.44,8.26,2.0,-0.09,-0.5,,,晴,29.0,27.0,3.0,南,1.0,https://boatraceraid.jp/exhibition/?opdt=2026-09-22&rcoursecd=06&rno=12
20260922,浜名湖,12,3,5368,宮崎 心之介,B1,6.68,37.89,5.25,8.08,3.0,0.07,-0.5,,,晴,29.0,27.0,3.0,南,1.0,https://boatraceraid.jp/exhibition/?opdt=2026-09-22&rcoursecd=06&rno=12
20260922,浜名湖,12,4,4302,西野 翔太,A1,6.61,38.49,5.07,8.08,4.0,0.15,-0.5,,,晴,29.0,27.0,3.0,南,1.0,https://boatraceraid.jp/exhibition/?opdt=2026-09-22&rcoursecd=06&rno=12
20260922,浜名湖,12,5,4128,川口 貴久,B1,6.73,38.45,5.42,8.21,5.0,0.08,-0.5,,,晴,29.0,27.0,3.0,南,1.0,https://boatraceraid.jp/exhibition/?opdt=2026-09-22&rcoursecd=06&rno=12
20260922,浜名湖,12,6,5299,西丸 敦基,A2,6.74,37.78,5.37,8.23,6.0,-0.12,0.0,,,晴,29.0,27.0,3.0,南,1.0,https://boatraceraid.jp/exhibition/?opdt=2026-09-22&rcoursecd=06&rno=12
20260923,浜名湖,1,1,4327,加藤 翔,B1,6.72,37.44,5.23,7.98,1.0,0.11,0.0,,,晴,25.0,26.0,2.0,北西,1.0,https://boatraceraid.jp/exhibition/?opdt=2026-09-23&rcoursecd=06&rno=01
20260923,浜名湖,1,2,4143,浦田 晃嗣,B1,6.81,37.5,5.49,7.98,2.0,-0.01,0.0,,,晴,25.0,26.0,2.0,北西,1.0,https://boatraceraid.jp/exhibition/?opdt=2026-09-23&rcoursecd=06&rno=01
20260923,浜名湖,1,3,3989,熊本 英一,B1,6.83,38.27,5.37,8.03,3.0,-0.05,0.0,,,晴,25.0,26.0,2.0,北西,1.0,https://boatraceraid.jp/exhibition/?opdt=2026-09-23&rcoursecd=06&rno=01
20260923,浜名湖,1,4,5379,廣部 大明,B1,6.77,38.04,5.58,8.14,4.0,-0.08,0.0,,,晴,25.0,26.0,2.0,北西,1.0,https://boatraceraid.jp/exhibition/?opdt=2026-09-23&rcoursecd=06&rno=01
20260923,浜名湖,1,5,4793,金子 萌,A2,6.79,37.06,5.3,8.15,5.0,-0.05,0.0,,,晴,25.0,26.0,2.0,北西,1.0,https://boatraceraid.jp/exhibition/?opdt=2026-09-23&rcoursecd=06&rno=01
20260923,浜名湖,1,6,4561,藤山 翔大,A2,6.83,38.51,5.65,8.1,6.0,0.03,-0.5,,,晴,25.0,26.0,2.0,北西,1.0,https://boatraceraid.jp/exhibition/?opdt=2026-09-23&rcoursecd=06&rno=01
20260923,浜名湖,2,1,4919,吉田 翔悟,B1,6.69,36.8,5.27,8.15,1.0,0.07,0.0,,,晴,25.0,26.0,2.0,北西,1.0,https://boatraceraid.jp/exhibition/?opdt=2026-09-23&rcoursecd=06&rno=02
20260923,浜名湖,2,2,4128,川口 貴久,B1,6.73,37.82,5.46,8.18,2.0,0.01,-0.5,,,晴,25.0,26.0,2.0,北西,1.0,https://boatraceraid.jp/exhibition/?opdt=2026-09-23&rcoursecd=06&rno=02
20260923,浜名湖,2,3,4227,安達 裕樹,A2,6.72,37.06,5.32,8.2,3.0,-0.01,0.0,,,晴,25.0,26.0,2.0,北西,1.0,https://boatraceraid.jp/exhibition/?opdt=2026-09-23&rcoursecd=06&rno=02
20260923,浜名湖,2,4,4945,上村 宏太,B1,6.69,37.27,5.32,8.14,4.0,0.08,0.0,,,晴,25.0,26.0,2.0,北西,1.0,https://boatraceraid.jp/exhibition/?opdt=2026-09-23&rcoursecd=06&rno=02
20260923,浜名湖,2,5,3475,橋本 久和,B1,6.74,37.42,5.41,8.12,5.0,0.08,0.0,,,晴,25.0,26.0,2.0,北西,1.0,https://boatraceraid.jp/exhibition/?opdt=2026-09-23&rcoursecd=06&rno=02
20260923,浜名湖,2,6,4518,大須賀 友,A1,6.63,37.08,5.43,7.93,6.0,0.1,0.0,,,晴,25.0,26.0,2.0,北西,1.0,https://boatraceraid.jp/exhibition/?opdt=2026-09-23&rcoursecd=06&rno=02
20260923,浜名湖,3,1,4263,武重 雄介,B1,6.81,37.35,5.27,8.08,1.0,0.04,0.0,,,晴,26.0,27.0,2.0,東,1.0,https://boatraceraid.jp/exhibition/?opdt=2026-09-23&rcoursecd=06&rno=03
20260923,浜名湖,3,2,4436,渋谷 明憲,A1,6.73,38.01,5.28,8.22,2.0,0.18,0.0,,,晴,26.0,27.0,2.0,東,1.0,https://boatraceraid.jp/exhibition/?opdt=2026-09-23&rcoursecd=06&rno=03
20260923,浜名湖,3,3,3517,高橋 勲,B1,6.84,38.37,5.34,8.18,3.0,0.03,-0.5,,,晴,26.0,27.0,2.0,東,1.0,https://boatraceraid.jp/exhibition/?opdt=2026-09-23&rcoursecd=06&rno=03
20260923,浜名湖,3,4,5083,柳瀬 幹太,B1,6.69,37.5,5.72,8.18,4.0,0.04,0.0,,,晴,26.0,27.0,2.0,東,1.0,https://boatraceraid.jp/exhibition/?opdt=2026-09-23&rcoursecd=06&rno=03
20260923,浜名湖,3,5,5368,宮崎 心之介,B1,6.7,37.64,5.35,8.12,5.0,0.01,-0.5,,,晴,26.0,27.0,2.0,東,1.0,https://boatraceraid.jp/exhibition/?opdt=2026-09-23&rcoursecd=06&rno=03
20260923,浜名湖,3,6,4570,前田 聖文,A1,6.71,37.55,5.19,8.06,6.0,-0.1,0.0,,,晴,26.0,27.0,2.0,東,1.0,https://boatraceraid.jp/exhibition/?opdt=2026-09-23&rcoursecd=06&rno=03
20260923,浜名湖,4,1,4140,梶野 学志,A2,6.79,37.16,5.31,8.34,1.0,0.09,0.0,,,晴,26.0,26.0,1.0,東,1.0,https://boatraceraid.jp/exhibition/?opdt=2026-09-23&rcoursecd=06&rno=04
20260923,浜名湖,4,2,4992,廣瀬 篤哉,B1,6.73,37.75,5.51,8.3,2.0,0.22,0.0,,,晴,26.0,26.0,1.0,東,1.0,https://boatraceraid.jp/exhibition/?opdt=2026-09-23&rcoursecd=06&rno=04
20260923,浜名湖,4,3,4753,森 照夫,B2,6.8,37.46,5.54,8.35,3.0,0.19,0.0,,,晴,26.0,26.0,1.0,東,1.0,https://boatraceraid.jp/exhibition/?opdt=2026-09-23&rcoursecd=06&rno=04
20260923,浜名湖,4,4,5046,松山 裕基,B1,6.79,38.24,5.59,8.19,4.0,0.24,0.0,,,晴,26.0,26.0,1.0,東,1.0,https://boatraceraid.jp/exhibition/?opdt=2026-09-23&rcoursecd=06&rno=04
20260923,浜名湖,4,5,3910,松下 知幸,B1,6.86,37.92,5.64,8.24,5.0,0.04,0.0,,,晴,26.0,26.0,1.0,東,1.0,https://boatraceraid.jp/exhibition/?opdt=2026-09-23&rcoursecd=06&rno=04
20260923,浜名湖,4,6,5348,小林 甘寧,B1,6.75,36.86,5.34,8.06,6.0,-0.13,0.0,,,晴,26.0,26.0,1.0,東,1.0,https://boatraceraid.jp/exhibition/?opdt=2026-09-23&rcoursecd=06&rno=04
20260923,浜名湖,5,1,3514,山一 鉄也,A2,6.7,36.89,5.05,8.12,1.0,0.08,0.0,,,晴,26.0,27.0,2.0,東,1.0,https://boatraceraid.jp/exhibition/?opdt=2026-09-23&rcoursecd=06&rno=05
20260923,浜名湖,5,2,4302,西野 翔太,A1,6.69,37.88,5.34,8.08,2.0,0.1,-0.5,,,晴,26.0,27.0,2.0,東,1.0,https://boatraceraid.jp/exhibition/?opdt=2026-09-23&rcoursecd=06&rno=05
20260923,浜名湖,5,3,5379,廣部 大明,B1,6.76,37.72,5.25,8.1,3.0,0.3,0.0,,,晴,26.0,27.0,2.0,東,1.0,https://boatraceraid.jp/exhibition/?opdt=2026-09-23&rcoursecd=06&rno=05
20260923,浜名湖,5,4,3655,本橋 克洋,B1,6.75,37.67,5.35,8.09,4.0,0.24,0.0,,,晴,26.0,27.0,2.0,東,1.0,https://boatraceraid.jp/exhibition/?opdt=2026-09-23&rcoursecd=06&rno=05
20260923,浜名湖,5,5,4460,後藤 翔之,A2,6.72,37.98,5.31,8.16,5.0,0.04,0.0,,,晴,26.0,27.0,2.0,東,1.0,https://boatraceraid.jp/exhibition/?opdt=2026-09-23&rcoursecd=06&rno=05
20260923,浜名湖,5,6,3523,寳田 亮治,B1,6.74,37.67,5.34,7.96,6.0,0.49,0.0,,,晴,26.0,27.0,2.0,東,1.0,https://boatraceraid.jp/exhibition/?opdt=2026-09-23&rcoursecd=06&rno=05
20260923,浜名湖,6,1,5007,近藤 雄一郎,B1,6.78,37.39,5.22,8.3,1.0,0.12,0.0,,,晴,26.0,27.0,2.0,北東,1.0,https://boatraceraid.jp/exhibition/?opdt=2026-09-23&rcoursecd=06&rno=06
20260923,浜名湖,6,2,4189,川上 剛,A1,6.73,38.08,5.34,8.28,2.0,0.28,-0.5,,,晴,26.0,27.0,2.0,北東,1.0,https://boatraceraid.jp/exhibition/?opdt=2026-09-23&rcoursecd=06&rno=06
20260923,浜名湖,6,3,4945,上村 宏太,B1,6.69,37.44,5.47,8.18,3.0,0.02,0.0,,,晴,26.0,27.0,2.0,北東,1.0,https://boatraceraid.jp/exhibition/?opdt=2026-09-23&rcoursecd=06&rno=06
20260923,浜名湖,6,4,4327,加藤 翔,B1,6.7,37.84,5.5,8.03,4.0,-0.02,0.0,,,晴,26.0,27.0,2.0,北東,1.0,https://boatraceraid.jp/exhibition/?opdt=2026-09-23&rcoursecd=06&rno=06
20260923,浜名湖,6,5,4661,中島 昂章,A2,6.79,37.63,5.36,8.11,5.0,0.15,0.0,,,晴,26.0,27.0,2.0,北東,1.0,https://boatraceraid.jp/exhibition/?opdt=2026-09-23&rcoursecd=06&rno=06
20260923,浜名湖,6,6,4044,湯川 浩司,A1,6.69,37.34,5.34,7.99,6.0,0.04,-0.5,,,晴,26.0,27.0,2.0,北東,1.0,https://boatraceraid.jp/exhibition/?opdt=2026-09-23&rcoursecd=06&rno=06
20260923,浜名湖,7,1,4428,有賀 達也,A2,6.69,36.67,5.04,8.14,1.0,0.07,-0.5,,,晴,26.0,27.0,1.0,東,1.0,https://boatraceraid.jp/exhibition/?opdt=2026-09-23&rcoursecd=06&rno=07
20260923,浜名湖,7,2,4196,田中 太一郎,B1,6.72,38.09,5.67,8.02,2.0,0.01,0.0,,,晴,26.0,27.0,1.0,東,1.0,https://boatraceraid.jp/exhibition/?opdt=2026-09-23&rcoursecd=06&rno=07
20260923,浜名湖,7,3,4593,小坂 宗司,A2,6.7,38.09,5.86,7.89,3.0,0.02,-0.5,,,晴,26.0,27.0,1.0,東,1.0,https://boatraceraid.jp/exhibition/?opdt=2026-09-23&rcoursecd=06&rno=07
20260923,浜名湖,7,4,4263,武重 雄介,B1,6.82,38.28,5.63,8.09,4.0,-0.03,0.0,,,晴,26.0,27.0,1.0,東,1.0,https://boatraceraid.jp/exhibition/?opdt=2026-09-23&rcoursecd=06&rno=07
20260923,浜名湖,7,5,4128,川口 貴久,B1,6.73,38.34,5.51,8.27,5.0,0.07,-0.5,,,晴,26.0,27.0,1.0,東,1.0,https://boatraceraid.jp/exhibition/?opdt=2026-09-23&rcoursecd=06&rno=07
20260923,浜名湖,7,6,4352,下條 雄太郎,A1,6.69,37.43,5.23,7.91,6.0,0.15,0.0,,,晴,26.0,27.0,1.0,東,1.0,https://boatraceraid.jp/exhibition/?opdt=2026-09-23&rcoursecd=06&rno=07
20260923,浜名湖,8,1,3711,江本 真治,A2,6.74,37.69,5.27,8.23,1.0,-0.02,-0.5,,,晴,26.0,27.0,2.0,南東,1.0,https://boatraceraid.jp/exhibition/?opdt=2026-09-23&rcoursecd=06&rno=08
20260923,浜名湖,8,2,4151,下河 誉史,B1,6.68,38.01,5.33,8.16,2.0,0.1,-0.5,,,晴,26.0,27.0,2.0,南東,1.0,https://boatraceraid.jp/exhibition/?opdt=2026-09-23&rcoursecd=06&rno=08
20260923,浜名湖,8,3,3910,松下 知幸,B1,6.78,37.7,5.38,8.21,3.0,0.19,-0.5,,,晴,26.0,27.0,2.0,南東,1.0,https://boatraceraid.jp/exhibition/?opdt=2026-09-23&rcoursecd=06&rno=08
20260923,浜名湖,8,4,3613,角谷 健吾,A2,6.73,37.81,5.34,8.33,4.0,0.01,-0.5,,,晴,26.0,27.0,2.0,南東,1.0,https://boatraceraid.jp/exhibition/?opdt=2026-09-23&rcoursecd=06&rno=08
20260923,浜名湖,8,5,4143,浦田 晃嗣,B1,6.75,37.84,5.57,8.16,5.0,0.02,0.0,,,晴,26.0,27.0,2.0,南東,1.0,https://boatraceraid.jp/exhibition/?opdt=2026-09-23&rcoursecd=06&rno=08
20260923,浜名湖,8,6,5371,早川 颯太,B2,6.71,37.58,5.69,7.96,6.0,0.05,0.0,,,晴,26.0,27.0,2.0,南東,1.0,https://boatraceraid.jp/exhibition/?opdt=2026-09-23&rcoursecd=06&rno=08
20260923,浜名湖,9,1,4227,安達 裕樹,A2,6.74,37.16,5.01,8.22,1.0,0.03,0.0,,,晴,26.0,27.0,1.0,東,1.0,https://boatraceraid.jp/exhibition/?opdt=2026-09-23&rcoursecd=06&rno=09
20260923,浜名湖,9,2,5400,高村 諒,B2,6.76,37.15,5.52,8.02,2.0,0.16,0.0,,,晴,26.0,27.0,1.0,東,1.0,https://boatraceraid.jp/exhibition/?opdt=2026-09-23&rcoursecd=06&rno=09
20260923,浜名湖,9,3,4049,荒川 健太,A2,6.77,38.12,5.39,8.15,3.0,0.11,-0.5,,,晴,26.0,27.0,1.0,東,1.0,https://boatraceraid.jp/exhibition/?opdt=2026-09-23&rcoursecd=06&rno=09
20260923,浜名湖,9,4,3294,野中 義生,B1,6.74,37.25,5.39,8.18,4.0,-0.01,0.0,,,晴,26.0,27.0,1.0,東,1.0,https://boatraceraid.jp/exhibition/?opdt=2026-09-23&rcoursecd=06&rno=09
20260923,浜名湖,9,5,3655,本橋 克洋,B1,6.76,37.7,5.4,8.11,5.0,-0.01,0.0,,,晴,26.0,27.0,1.0,東,1.0,https://boatraceraid.jp/exhibition/?opdt=2026-09-23&rcoursecd=06&rno=09
20260923,浜名湖,9,6,5299,西丸 敦基,A2,6.81,37.6,5.63,8.09,6.0,0.06,0.0,,,晴,26.0,27.0,1.0,東,1.0,https://boatraceraid.jp/exhibition/?opdt=2026-09-23&rcoursecd=06&rno=09
20260923,浜名湖,10,1,4570,前田 聖文,A1,6.73,37.27,5.4,8.09,1.0,0.05,0.0,,,晴,26.0,27.0,1.0,東,1.0,https://boatraceraid.jp/exhibition/?opdt=2026-09-23&rcoursecd=06&rno=10
20260923,浜名湖,10,2,4518,大須賀 友,A1,6.67,36.94,5.37,8.13,2.0,-0.01,0.0,,,晴,26.0,27.0,1.0,東,1.0,https://boatraceraid.jp/exhibition/?opdt=2026-09-23&rcoursecd=06&rno=10
20260923,浜名湖,10,3,4793,金子 萌,A2,6.75,37.45,5.73,7.98,3.0,0.09,0.0,,,晴,26.0,27.0,1.0,東,1.0,https://boatraceraid.jp/exhibition/?opdt=2026-09-23&rcoursecd=06&rno=10
20260923,浜名湖,10,4,5348,小林 甘寧,B1,6.68,37.11,5.48,7.97,4.0,0.02,0.0,,,晴,26.0,27.0,1.0,東,1.0,https://boatraceraid.jp/exhibition/?opdt=2026-09-23&rcoursecd=06&rno=10
20260923,浜名湖,10,5,4189,川上 剛,A1,6.75,37.79,5.49,8.25,5.0,0.23,-0.5,,,晴,26.0,27.0,1.0,東,1.0,https://boatraceraid.jp/exhibition/?opdt=2026-09-23&rcoursecd=06&rno=10
20260923,浜名湖,10,6,5368,宮崎 心之介,B1,6.69,37.39,5.47,8.01,6.0,0.06,0.0,,,晴,26.0,27.0,1.0,東,1.0,https://boatraceraid.jp/exhibition/?opdt=2026-09-23&rcoursecd=06&rno=10
20260923,浜名湖,11,1,4044,湯川 浩司,A1,6.65,36.94,5.02,8.1,1.0,0.01,0.0,,,晴,26.0,27.0,3.0,南東,2.0,https://boatraceraid.jp/exhibition/?opdt=2026-09-23&rcoursecd=06&rno=11
20260923,浜名湖,11,2,3475,橋本 久和,B1,6.71,37.63,5.39,8.01,2.0,0.02,0.0,,,晴,26.0,27.0,3.0,南東,2.0,https://boatraceraid.jp/exhibition/?opdt=2026-09-23&rcoursecd=06&rno=11
20260923,浜名湖,11,3,4460,後藤 翔之,A2,6.68,37.23,5.44,8.06,3.0,0.03,0.0,,,晴,26.0,27.0,3.0,南東,2.0,https://boatraceraid.jp/exhibition/?opdt=2026-09-23&rcoursecd=06&rno=11
20260923,浜名湖,11,4,4428,有賀 達也,A2,6.66,37.76,5.18,8.07,4.0,0.12,-0.5,,,晴,26.0,27.0,3.0,南東,2.0,https://boatraceraid.jp/exhibition/?opdt=2026-09-23&rcoursecd=06&rno=11
20260923,浜名湖,11,5,4436,渋谷 明憲,A1,6.67,37.52,5.45,7.99,5.0,0.09,-0.5,,,晴,26.0,27.0,3.0,南東,2.0,https://boatraceraid.jp/exhibition/?opdt=2026-09-23&rcoursecd=06&rno=11
20260923,浜名湖,11,6,4140,梶野 学志,A2,6.74,37.54,5.3,8.17,6.0,0.07,0.0,,,晴,26.0,27.0,3.0,南東,2.0,https://boatraceraid.jp/exhibition/?opdt=2026-09-23&rcoursecd=06&rno=11
20260923,浜名湖,12,1,4352,下條 雄太郎,A1,6.69,37.07,5.2,8.21,1.0,0.08,0.0,,,晴,26.0,27.0,3.0,東,2.0,https://boatraceraid.jp/exhibition/?opdt=2026-09-23&rcoursecd=06&rno=12
20260923,浜名湖,12,2,3613,角谷 健吾,A2,6.7,37.68,5.37,8.24,2.0,-0.12,-0.5,,,晴,26.0,27.0,3.0,東,2.0,https://boatraceraid.jp/exhibition/?opdt=2026-09-23&rcoursecd=06&rno=12
20260923,浜名湖,12,3,4302,西野 翔太,A1,6.65,39.27,4.23,8.05,3.0,-0.03,-0.5,,,晴,26.0,27.0,3.0,東,2.0,https://boatraceraid.jp/exhibition/?opdt=2026-09-23&rcoursecd=06&rno=12
20260923,浜名湖,12,4,4661,中島 昂章,A2,6.69,37.6,5.17,8.12,4.0,0.15,0.0,,,晴,26.0,27.0,3.0,東,2.0,https://boatraceraid.jp/exhibition/?opdt=2026-09-23&rcoursecd=06&rno=12
20260923,浜名湖,12,5,4919,吉田 翔悟,B1,6.68,37.43,5.33,8.24,5.0,0.13,0.0,,,晴,26.0,27.0,3.0,東,2.0,https://boatraceraid.jp/exhibition/?opdt=2026-09-23&rcoursecd=06&rno=12
20260923,浜名湖,12,6,4992,廣瀬 篤哉,B1,6.67,38.3,5.33,8.49,6.0,0.12,0.5,,,晴,26.0,27.0,3.0,東,2.0,https://boatraceraid.jp/exhibition/?opdt=2026-09-23&rcoursecd=06&rno=12
20260924,浜名湖,1,1,3294,野中 義生,B1,6.81,36.91,5.17,8.02,1.0,-0.01,0.0,,,晴,27.0,26.0,2.0,北西,1.0,https://boatraceraid.jp/exhibition/?opdt=2026-09-24&rcoursecd=06&rno=01
20260924,浜名湖,1,2,3910,松下 知幸,B1,6.94,37.53,5.33,8.15,2.0,0.02,-0.5,,,晴,27.0,26.0,2.0,北西,1.0,https://boatraceraid.jp/exhibition/?opdt=2026-09-24&rcoursecd=06&rno=01
20260924,浜名湖,1,3,3517,高橋 勲,B1,6.92,37.68,5.41,8.14,3.0,-0.16,-0.5,,,晴,27.0,26.0,2.0,北西,1.0,https://boatraceraid.jp/exhibition/?opdt=2026-09-24&rcoursecd=06&rno=01
20260924,浜名湖,1,4,4049,荒川 健太,A2,6.86,37.71,5.38,8.16,4.0,0.08,-0.5,,,晴,27.0,26.0,2.0,北西,1.0,https://boatraceraid.jp/exhibition/?opdt=2026-09-24&rcoursecd=06&rno=01
20260924,浜名湖,1,5,4753,森 照夫,B2,6.95,37.4,5.48,8.3,5.0,0.08,0.0,,,晴,27.0,26.0,2.0,北西,1.0,https://boatraceraid.jp/exhibition/?opdt=2026-09-24&rcoursecd=06&rno=01
20260924,浜名湖,1,6,4561,藤山 翔大,A2,6.98,38.51,5.89,7.88,6.0,0.12,-0.5,,,晴,27.0,26.0,2.0,北西,1.0,https://boatraceraid.jp/exhibition/?opdt=2026-09-24&rcoursecd=06&rno=01
20260924,浜名湖,2,1,4196,田中 太一郎,B1,6.79,37.96,5.36,8.39,1.0,0.09,0.0,,,晴,27.0,26.0,2.0,北西,1.0,https://boatraceraid.jp/exhibition/?opdt=2026-09-24&rcoursecd=06&rno=02
20260924,浜名湖,2,2,4189,川上 剛,A1,6.79,37.36,5.76,8.38,2.0,0.04,-0.5,,,晴,27.0,26.0,2.0,北西,1.0,https://boatraceraid.jp/exhibition/?opdt=2026-09-24&rcoursecd=06&rno=02
20260924,浜名湖,2,3,5299,西丸 敦基,A2,6.86,37.75,5.56,7.97,3.0,-0.01,0.0,,,晴,27.0,26.0,2.0,北西,1.0,https://boatraceraid.jp/exhibition/?opdt=2026-09-24&rcoursecd=06&rno=02
20260924,浜名湖,2,4,4919,吉田 翔悟,B1,6.76,37.68,5.74,8.34,4.0,0.12,0.0,,,晴,27.0,26.0,2.0,北西,1.0,https://boatraceraid.jp/exhibition/?opdt=2026-09-24&rcoursecd=06&rno=02
20260924,浜名湖,2,5,5083,柳瀬 幹太,B1,6.78,38.06,5.5,8.23,5.0,0.05,0.0,,,晴,27.0,26.0,2.0,北西,1.0,https://boatraceraid.jp/exhibition/?opdt=2026-09-24&rcoursecd=06&rno=02
20260924,浜名湖,2,6,5007,近藤 雄一郎,B1,6.89,38.3,5.41,8.48,6.0,0.09,0.0,,,晴,27.0,26.0,2.0,北西,1.0,https://boatraceraid.jp/exhibition/?opdt=2026-09-24&rcoursecd=06&rno=02
20260924,浜名湖,3,1,4661,中島 昂章,A2,6.78,37.23,5.5,8.36,1.0,-0.07,0.0,,,晴,29.0,27.0,2.0,北西,1.0,https://boatraceraid.jp/exhibition/?opdt=2026-09-24&rcoursecd=06&rno=03
20260924,浜名湖,3,2,4945,上村 宏太,B1,6.76,37.5,5.34,8.4,2.0,-0.04,0.0,,,晴,29.0,27.0,2.0,北西,1.0,https://boatraceraid.jp/exhibition/?opdt=2026-09-24&rcoursecd=06&rno=03
20260924,浜名湖,3,3,5371,早川 颯太,B2,6.81,37.68,5.46,8.08,3.0,0.21,0.0,,,晴,29.0,27.0,2.0,北西,1.0,https://boatraceraid.jp/exhibition/?opdt=2026-09-24&rcoursecd=06&rno=03
20260924,浜名湖,3,4,4302,西野 翔太,A1,6.79,38.1,5.48,8.05,4.0,-0.12,-0.5,,,晴,29.0,27.0,2.0,北西,1.0,https://boatraceraid.jp/exhibition/?opdt=2026-09-24&rcoursecd=06&rno=03
20260924,浜名湖,3,5,5400,高村 諒,B2,6.86,37.5,5.22,8.09,5.0,-0.02,0.0,,,晴,29.0,27.0,2.0,北西,1.0,https://boatraceraid.jp/exhibition/?opdt=2026-09-24&rcoursecd=06&rno=03
20260924,浜名湖,3,6,3514,山一 鉄也,A2,6.81,37.67,5.44,8.17,6.0,0.02,0.0,,,晴,29.0,27.0,2.0,北西,1.0,https://boatraceraid.jp/exhibition/?opdt=2026-09-24&rcoursecd=06&rno=03
20260924,浜名湖,4,1,4460,後藤 翔之,A2,6.75,37.19,5.12,8.17,1.0,0.09,0.0,,,晴,29.0,27.0,2.0,北西,1.0,https://boatraceraid.jp/exhibition/?opdt=2026-09-24&rcoursecd=06&rno=04
20260924,浜名湖,4,2,5046,松山 裕基,B1,6.76,37.85,5.35,8.01,2.0,0.12,0.0,,,晴,29.0,27.0,2.0,北西,1.0,https://boatraceraid.jp/exhibition/?opdt=2026-09-24&rcoursecd=06&rno=04
20260924,浜名湖,4,3,4128,川口 貴久,B1,6.78,38.3,5.56,8.21,3.0,0.02,-0.5,,,晴,29.0,27.0,2.0,北西,1.0,https://boatraceraid.jp/exhibition/?opdt=2026-09-24&rcoursecd=06&rno=04
20260924,浜名湖,4,4,5348,小林 甘寧,B1,6.72,37.27,5.41,7.94,4.0,-0.15,0.0,,,晴,29.0,27.0,2.0,北西,1.0,https://boatraceraid.jp/exhibition/?opdt=2026-09-24&rcoursecd=06&rno=04
20260924,浜名湖,4,5,4151,下河 誉史,B1,6.74,38.34,5.66,8.02,5.0,0.01,-0.5,,,晴,29.0,27.0,2.0,北西,1.0,https://boatraceraid.jp/exhibition/?opdt=2026-09-24&rcoursecd=06&rno=04
20260924,浜名湖,4,6,3989,熊本 英一,B1,6.81,38.61,5.75,8.02,6.0,0.08,0.0,,,晴,29.0,27.0,2.0,北西,1.0,https://boatraceraid.jp/exhibition/?opdt=2026-09-24&rcoursecd=06&rno=04
20260924,浜名湖,5,1,4992,廣瀬 篤哉,B1,6.75,37.48,5.36,8.48,1.0,0.03,-0.5,,,晴,30.0,27.0,3.0,北西,1.0,https://boatraceraid.jp/exhibition/?opdt=2026-09-24&rcoursecd=06&rno=05
20260924,浜名湖,5,2,3294,野中 義生,B1,6.72,37.17,5.68,8.22,2.0,0.21,0.0,,,晴,30.0,27.0,3.0,北西,1.0,https://boatraceraid.jp/exhibition/?opdt=2026-09-24&rcoursecd=06&rno=05
20260924,浜名湖,5,3,5379,廣部 大明,B1,6.81,37.49,5.51,8.19,3.0,0.11,0.0,,,晴,30.0,27.0,3.0,北西,1.0,https://boatraceraid.jp/exhibition/?opdt=2026-09-24&rcoursecd=06&rno=05
20260924,浜名湖,5,4,4593,小坂 宗司,A2,6.76,37.18,5.34,8.0,4.0,0.24,0.0,,,晴,30.0,27.0,3.0,北西,1.0,https://boatraceraid.jp/exhibition/?opdt=2026-09-24&rcoursecd=06&rno=05
20260924,浜名湖,5,5,4518,大須賀 友,A1,6.71,37.17,5.22,8.05,5.0,0.03,0.0,,,晴,30.0,27.0,3.0,北西,1.0,https://boatraceraid.jp/exhibition/?opdt=2026-09-24&rcoursecd=06&rno=05
20260924,浜名湖,5,6,3523,寳田 亮治,B1,6.81,37.43,5.49,8.09,6.0,-0.05,0.0,,,晴,30.0,27.0,3.0,北西,1.0,https://boatraceraid.jp/exhibition/?opdt=2026-09-24&rcoursecd=06&rno=05
20260924,浜名湖,6,1,3655,本橋 克洋,B1,6.8,37.6,5.37,8.28,1.0,-0.07,0.0,,,晴,29.0,27.0,2.0,北西,1.0,https://boatraceraid.jp/exhibition/?opdt=2026-09-24&rcoursecd=06&rno=06
20260924,浜名湖,6,2,4140,梶野 学志,A2,6.84,37.34,5.08,8.26,2.0,0.0,0.0,,,晴,29.0,27.0,2.0,北西,1.0,https://boatraceraid.jp/exhibition/?opdt=2026-09-24&rcoursecd=06&rno=06
20260924,浜名湖,6,3,4428,有賀 達也,A2,6.77,37.01,5.15,8.17,3.0,-0.01,-0.5,,,晴,29.0,27.0,2.0,北西,1.0,https://boatraceraid.jp/exhibition/?opdt=2026-09-24&rcoursecd=06&rno=06
20260924,浜名湖,6,4,4143,浦田 晃嗣,B1,6.83,37.97,5.5,8.15,4.0,-0.05,0.0,,,晴,29.0,27.0,2.0,北西,1.0,https://boatraceraid.jp/exhibition/?opdt=2026-09-24&rcoursecd=06&rno=06
20260924,浜名湖,6,5,3517,高橋 勲,B1,6.86,37.87,5.46,8.25,5.0,-0.09,-0.5,,,晴,29.0,27.0,2.0,北西,1.0,https://boatraceraid.jp/exhibition/?opdt=2026-09-24&rcoursecd=06&rno=06
20260924,浜名湖,6,6,3711,江本 真治,A2,6.89,37.73,5.56,8.28,6.0,0.0,-0.5,,,晴,29.0,27.0,2.0,北西,1.0,https://boatraceraid.jp/exhibition/?opdt=2026-09-24&rcoursecd=06&rno=06
20260924,浜名湖,7,1,4049,荒川 健太,A2,6.8,37.73,5.43,8.28,1.0,-0.07,-0.5,,,晴,30.0,27.0,2.0,北西,1.0,https://boatraceraid.jp/exhibition/?opdt=2026-09-24&rcoursecd=06&rno=07
20260924,浜名湖,7,2,5083,柳瀬 幹太,B1,6.76,37.55,5.23,8.1,2.0,-0.01,0.0,,,晴,30.0,27.0,2.0,北西,1.0,https://boatraceraid.jp/exhibition/?opdt=2026-09-24&rcoursecd=06&rno=07
20260924,浜名湖,7,3,5400,高村 諒,B2,6.77,37.67,5.33,8.11,3.0,-0.05,0.0,,,晴,30.0,27.0,2.0,北西,1.0,https://boatraceraid.jp/exhibition/?opdt=2026-09-24&rcoursecd=06&rno=07
20260924,浜名湖,7,4,4044,湯川 浩司,A1,6.78,37.42,5.26,8.04,4.0,-0.07,0.0,,,晴,30.0,27.0,2.0,北西,1.0,https://boatraceraid.jp/exhibition/?opdt=2026-09-24&rcoursecd=06&rno=07
20260924,浜名湖,7,5,5368,宮崎 心之介,B1,6.69,37.4,5.29,8.08,5.0,-0.03,0.0,,,晴,30.0,27.0,2.0,北西,1.0,https://boatraceraid.jp/exhibition/?opdt=2026-09-24&rcoursecd=06&rno=07
20260924,浜名湖,7,6,4561,藤山 翔大,A2,6.86,38.77,5.71,8.1,6.0,-0.02,-0.5,,,晴,30.0,27.0,2.0,北西,1.0,https://boatraceraid.jp/exhibition/?opdt=2026-09-24&rcoursecd=06&rno=07
20260924,浜名湖,8,1,5299,西丸 敦基,A2,6.78,37.63,5.16,8.11,1.0,0.14,0.0,,,晴,30.0,27.0,2.0,北西,1.0,https://boatraceraid.jp/exhibition/?opdt=2026-09-24&rcoursecd=06&rno=08
20260924,浜名湖,8,2,4753,森 照夫,B2,6.85,38.0,5.41,8.31,2.0,0.27,0.0,,,晴,30.0,27.0,2.0,北西,1.0,https://boatraceraid.jp/exhibition/?opdt=2026-09-24&rcoursecd=06&rno=08
20260924,浜名湖,8,3,5046,松山 裕基,B1,6.76,38.45,5.46,8.04,3.0,0.14,0.0,,,晴,30.0,27.0,2.0,北西,1.0,https://boatraceraid.jp/exhibition/?opdt=2026-09-24&rcoursecd=06&rno=08
20260924,浜名湖,8,4,3514,山一 鉄也,A2,6.74,37.77,5.41,8.0,4.0,0.01,0.0,,,晴,30.0,27.0,2.0,北西,1.0,https://boatraceraid.jp/exhibition/?opdt=2026-09-24&rcoursecd=06&rno=08
20260924,浜名湖,8,5,5371,早川 颯太,B2,6.85,37.79,5.59,8.08,5.0,0.14,0.0,,,晴,30.0,27.0,2.0,北西,1.0,https://boatraceraid.jp/exhibition/?opdt=2026-09-24&rcoursecd=06&rno=08
20260924,浜名湖,8,6,4263,武重 雄介,B1,6.81,37.74,5.45,8.12,6.0,-0.01,0.0,,,晴,30.0,27.0,2.0,北西,1.0,https://boatraceraid.jp/exhibition/?opdt=2026-09-24&rcoursecd=06&rno=08
20260924,浜名湖,9,1,4593,小坂 宗司,A2,6.72,36.92,5.19,8.16,1.0,-0.02,0.0,,,晴,30.0,27.0,2.0,北西,1.0,https://boatraceraid.jp/exhibition/?opdt=2026-09-24&rcoursecd=06&rno=09
20260924,浜名湖,9,2,4327,加藤 翔,B1,6.71,38.16,5.41,8.22,2.0,0.06,0.0,,,晴,30.0,27.0,2.0,北西,1.0,https://boatraceraid.jp/exhibition/?opdt=2026-09-24&rcoursecd=06&rno=09
20260924,浜名湖,9,3,4151,下河 誉史,B1,6.75,38.01,5.41,8.22,3.0,0.15,-0.5,,,晴,30.0,27.0,2.0,北西,1.0,https://boatraceraid.jp/exhibition/?opdt=2026-09-24&rcoursecd=06&rno=09
20260924,浜名湖,9,4,5007,近藤 雄一郎,B1,6.83,37.42,5.35,8.25,4.0,0.21,0.0,,,晴,30.0,27.0,2.0,北西,1.0,https://boatraceraid.jp/exhibition/?opdt=2026-09-24&rcoursecd=06&rno=09
20260924,浜名湖,9,5,4196,田中 太一郎,B1,6.79,38.45,5.47,8.18,5.0,0.26,0.0,,,晴,30.0,27.0,2.0,北西,1.0,https://boatraceraid.jp/exhibition/?opdt=2026-09-24&rcoursecd=06&rno=09
20260924,浜名湖,9,6,4227,安達 裕樹,A2,6.71,37.6,5.57,8.29,6.0,0.05,0.0,,,晴,30.0,27.0,2.0,北西,1.0,https://boatraceraid.jp/exhibition/?opdt=2026-09-24&rcoursecd=06&rno=09
20260924,浜名湖,10,1,4302,西野 翔太,A1,6.68,37.97,5.31,8.13,1.0,0.13,-0.5,,,晴,30.0,27.0,2.0,北西,1.0,https://boatraceraid.jp/exhibition/?opdt=2026-09-24&rcoursecd=06&rno=10
20260924,浜名湖,10,2,4460,後藤 翔之,A2,6.71,37.86,5.25,8.17,2.0,0.11,-0.5,,,晴,30.0,27.0,2.0,北西,1.0,https://boatraceraid.jp/exhibition/?opdt=2026-09-24&rcoursecd=06&rno=10
20260924,浜名湖,10,3,5348,小林 甘寧,B1,6.69,37.58,5.6,7.99,3.0,0.16,0.0,,,晴,30.0,27.0,2.0,北西,1.0,https://boatraceraid.jp/exhibition/?opdt=2026-09-24&rcoursecd=06&rno=10
20260924,浜名湖,10,4,4428,有賀 達也,A2,6.71,37.4,5.59,7.99,4.0,0.06,-0.5,,,晴,30.0,27.0,2.0,北西,1.0,https://boatraceraid.jp/exhibition/?opdt=2026-09-24&rcoursecd=06&rno=10
20260924,浜名湖,10,5,4189,川上 剛,A1,6.74,38.01,5.64,8.09,5.0,0.11,-0.5,,,晴,30.0,27.0,2.0,北西,1.0,https://boatraceraid.jp/exhibition/?opdt=2026-09-24&rcoursecd=06&rno=10
20260924,浜名湖,10,6,4992,廣瀬 篤哉,B1,6.71,38.45,5.54,8.19,6.0,0.12,0.0,,,晴,30.0,27.0,2.0,北西,1.0,https://boatraceraid.jp/exhibition/?opdt=2026-09-24&rcoursecd=06&rno=10
20260924,浜名湖,11,1,4518,大須賀 友,A1,6.67,37.25,5.12,8.11,1.0,0.07,0.0,,,晴,30.0,27.0,2.0,北西,1.0,https://boatraceraid.jp/exhibition/?opdt=2026-09-24&rcoursecd=06&rno=11
20260924,浜名湖,11,2,4044,湯川 浩司,A1,6.81,37.95,5.29,8.19,2.0,0.03,0.0,,,晴,30.0,27.0,2.0,北西,1.0,https://boatraceraid.jp/exhibition/?opdt=2026-09-24&rcoursecd=06&rno=11
20260924,浜名湖,11,3,4919,吉田 翔悟,B1,6.75,37.56,5.41,8.16,3.0,-0.02,0.0,,,晴,30.0,27.0,2.0,北西,1.0,https://boatraceraid.jp/exhibition/?opdt=2026-09-24&rcoursecd=06&rno=11
20260924,浜名湖,11,4,4661,中島 昂章,A2,6.78,37.32,5.16,8.13,4.0,-0.12,0.0,,,晴,30.0,27.0,2.0,北西,1.0,https://boatraceraid.jp/exhibition/?opdt=2026-09-24&rcoursecd=06&rno=11
20260924,浜名湖,11,5,5368,宮崎 心之介,B1,6.68,37.59,5.34,8.18,5.0,0.05,0.0,,,晴,30.0,27.0,2.0,北西,1.0,https://boatraceraid.jp/exhibition/?opdt=2026-09-24&rcoursecd=06&rno=11
20260924,浜名湖,11,6,4140,梶野 学志,A2,6.79,37.82,5.08,8.17,6.0,0.03,-0.5,,,晴,30.0,27.0,2.0,北西,1.0,https://boatraceraid.jp/exhibition/?opdt=2026-09-24&rcoursecd=06&rno=11
20260924,浜名湖,12,1,4352,下條 雄太郎,A1,6.74,36.87,5.14,8.06,1.0,0.01,0.0,,,晴,30.0,27.0,2.0,北西,1.0,https://boatraceraid.jp/exhibition/?opdt=2026-09-24&rcoursecd=06&rno=12
20260924,浜名湖,12,2,4570,前田 聖文,A1,6.73,37.59,5.37,8.13,2.0,-0.04,0.0,,,晴,30.0,27.0,2.0,北西,1.0,https://boatraceraid.jp/exhibition/?opdt=2026-09-24&rcoursecd=06&rno=12
20260924,浜名湖,12,3,3475,橋本 久和,B1,6.72,37.49,5.41,8.16,3.0,0.03,0.0,,,晴,30.0,27.0,2.0,北西,1.0,https://boatraceraid.jp/exhibition/?opdt=2026-09-24&rcoursecd=06&rno=12
20260924,浜名湖,12,4,3613,角谷 健吾,A2,6.77,37.8,5.43,8.35,4.0,-0.04,-0.5,,,晴,30.0,27.0,2.0,北西,1.0,https://boatraceraid.jp/exhibition/?opdt=2026-09-24&rcoursecd=06&rno=12
20260924,浜名湖,12,5,4793,金子 萌,A2,6.77,37.37,5.19,8.14,5.0,-0.06,0.0,,,晴,30.0,27.0,2.0,北西,1.0,https://boatraceraid.jp/exhibition/?opdt=2026-09-24&rcoursecd=06&rno=12
20260924,浜名湖,12,6,4436,渋谷 明憲,A1,6.77,37.8,5.27,8.21,6.0,-0.07,-0.5,,,晴,30.0,27.0,2.0,北西,1.0,https://boatraceraid.jp/exhibition/?opdt=2026-09-24&rcoursecd=06&rno=12
