日付,場,R,枠,選手,展示タイム,展示順位,場平均との差,展示ST,展示ST順位,展示進入,本番進入,チルト,体重,調整重量,プロペラ交換,部品交換,本番ST,着順,決まり手,風速,波高
2026/10/04,戸田,1,1,齋藤智裕,6.75,5,-0.02,0.04,1,1,,-0.5,,,,,,,,2.0,1.0
2026/10/04,戸田,1,2,堀本裕也,6.72,3,-0.05,0.28,5,2,,-0.5,,,,,,,,2.0,1.0
2026/10/04,戸田,1,3,津留浩一郎,6.71,2,-0.06,0.30,6,3,,0.0,,,,,,,,2.0,1.0
2026/10/04,戸田,1,4,日隈茜,6.7,1,-0.07,0.09,2,4,,-0.5,,,,,,,,2.0,1.0
2026/10/04,戸田,1,5,小森信雄,6.72,3,-0.05,0.14,3,5,,-0.5,,,,,,,,2.0,1.0
2026/10/04,戸田,1,6,山口隆史,6.79,6,0.02,0.17,4,6,,-0.5,,,,,,,,2.0,1.0
2026/10/04,多摩川,1,1,長畑友輔,6.61,1,-0.17,0.13,5,1,,0.0,,,,,,,,1.0,2.0
2026/10/04,多摩川,1,2,寺嶋雄,6.65,3,-0.13,0.09,3,2,,0.0,,,,,,,,1.0,2.0
2026/10/04,多摩川,1,3,中山雄太,6.64,2,-0.14,0.09,4,3,,-0.5,,,,,,,,1.0,2.0
2026/10/04,多摩川,1,4,堀本和也,6.65,3,-0.13,0.01,1,4,,0.0,,,,,,,,1.0,2.0
2026/10/04,多摩川,1,5,山崎裕司,6.67,5,-0.11,0.04,2,5,,-0.5,,,,,,,,1.0,2.0
2026/10/04,多摩川,1,6,戸田海咲音,6.74,6,-0.04,0.13,6,6,,0.0,,,,,,,,1.0,2.0
2026/10/04,三国,1,1,佐藤翼,6.73,4,-0.07,0.06,5,1,,0.0,,,,,,,,1.0,1.0
2026/10/04,三国,1,2,萩原秀人,6.71,2,-0.09,0.09,6,2,,0.0,,,,,,,,1.0,1.0
2026/10/04,三国,1,3,井上一輝,6.71,2,-0.09,0.02,3,3,,-0.5,,,,,,,,1.0,1.0
2026/10/04,三国,1,4,大峯豊,6.7,1,-0.1,F.03,1,4,,-0.5,,,,,,,,1.0,1.0
2026/10/04,三国,1,5,森高一真,6.75,6,-0.05,0.02,4,5,,-0.5,,,,,,,,1.0,1.0
2026/10/04,三国,1,6,和田兼輔,6.74,5,-0.06,F.02,2,6,,-0.5,,,,リング×4,,,,1.0,1.0
2026/10/04,尼崎,1,1,東口晃,6.92,5,0.08,0.13,3,1,,-0.5,,,新,,,,,4.0,0.0
2026/10/04,尼崎,1,2,野田昇吾,6.9,3,0.06,0.14,5,2,,0.0,,,,,,,,4.0,0.0
2026/10/04,尼崎,1,3,井上遥妃,6.86,2,0.02,0.13,4,3,,-0.5,,,,,,,,4.0,0.0
2026/10/04,尼崎,1,4,津田裕絵,6.84,1,0.0,0.12,2,4,,-0.5,,,,,,,,4.0,0.0
2026/10/04,尼崎,1,5,豊田泰洋,6.92,5,0.08,0.24,6,5,,-0.5,,,,,,,,4.0,0.0
2026/10/04,尼崎,1,6,向井田直弥,6.91,4,0.07,0.09,1,6,,-0.5,,,,,,,,4.0,0.0
2026/10/04,徳山,4,1,中村栄治,6.81,1,-0.18,0.09,2,1,1,0.0,,,,,0.10,4,差し,1.0,1.0
2026/10/04,徳山,4,2,廣瀬凜,6.89,4,-0.1,0.09,3,2,2,0.0,,,,,0.08,1,差し,1.0,1.0
2026/10/04,徳山,4,3,近藤来希,6.82,2,-0.17,0.28,6,3,3,0.0,,,,リング×2,0.08,5,差し,1.0,1.0
2026/10/04,徳山,4,4,中野孝二,6.93,6,-0.06,0.12,4,4,4,0.0,,,,,0.17,2,差し,1.0,1.0
2026/10/04,徳山,4,5,市川健太,6.86,3,-0.13,0.02,1,5,5,0.0,,,,,0.13,3,差し,1.0,1.0
2026/10/04,徳山,4,6,小柳勝希,6.92,5,-0.07,0.14,5,6,6,0.0,,,,,0.12,6,差し,1.0,1.0
